{"tank_1201":{"m":[1,0,0,1,0,0],"c":[{"m":[1,0,0,1,0,0],"c":[{"m":[1,0,0,1,0,0.1],"c":[{"m":[1,0,0,1,-0.05,0],"c":[{"m":[-1,0,0,1,31.3,0.5],"c":[{"id":17,"m":[1,0,0,1,-14.5,-44],"t":1}],"t":2},{"m":[-1,0,0,1,-31.2,0.5],"c":[{"id":17,"m":[1,0,0,1,-14.5,-44],"t":1}],"t":2},null,{"m":[1,0,0,1,0,0],"c":[{"id":19,"m":[1,0,0,1,-14.5,-44],"t":1}],"t":2},{"m":[1,0,0,1,0,0],"c":[{"id":19,"m":[1,0,0,1,-14.5,-44],"t":1}],"t":2},null,{"m":[1,0,0,1,0,0],"c":[{"id":21,"m":[1,0,0,1,-14.5,-44],"t":1}],"t":2},{"m":[1,0,0,1,0,0],"c":[{"id":21,"m":[1,0,0,1,-14.5,-44],"t":1}],"t":2},null,{"m":[1,0,0,1,0,0],"c":[{"id":23,"m":[1,0,0,1,-14.5,-44],"t":1}],"t":2},{"m":[1,0,0,1,0,0],"c":[{"id":23,"m":[1,0,0,1,-14.5,-44],"t":1}],"t":2},null,{"m":[1,0,0,1,0,0],"c":[{"id":25,"m":[1,0,0,1,-14.5,-44],"t":1}],"t":2},{"m":[1,0,0,1,0,0],"c":[{"id":25,"m":[1,0,0,1,-14.5,-44],"t":1}],"t":2},null,{"m":[1,0,0,1,0,0],"c":[{"id":17,"m":[1,0,0,1,-14.5,-44],"t":1}],"t":2},{"m":[1,0,0,1,0,0],"c":[{"id":17,"m":[1,0,0,1,-14.5,-44],"t":1}],"t":2},null,null,{"m":[1,0,0,1,0,0],"c":[{"id":19,"m":[1,0,0,1,-14.5,-44],"t":1}],"t":2},{"m":[1,0,0,1,0,0],"c":[{"id":19,"m":[1,0,0,1,-14.5,-44],"t":1}],"t":2},null,{"m":[1,0,0,1,0,0],"c":[{"id":21,"m":[1,0,0,1,-14.5,-44],"t":1}],"t":2},{"m":[1,0,0,1,0,0],"c":[{"id":21,"m":[1,0,0,1,-14.5,-44],"t":1}],"t":2},null,{"m":[1,0,0,1,0,0],"c":[{"id":23,"m":[1,0,0,1,-14.5,-44],"t":1}],"t":2},{"m":[1,0,0,1,0,0],"c":[{"id":23,"m":[1,0,0,1,-14.5,-44],"t":1}],"t":2},null,{"m":[1,0,0,1,0,0],"c":[{"id":25,"m":[1,0,0,1,-14.5,-44],"t":1}],"t":2},{"m":[1,0,0,1,0,0],"c":[{"id":25,"m":[1,0,0,1,-14.5,-44],"t":1}],"t":2},null,{"m":[1,0,0,1,0,0],"c":[{"id":17,"m":[1,0,0,1,-14.5,-44],"t":1}],"t":2},{"m":[1,0,0,1,0,0],"c":[{"id":17,"m":[1,0,0,1,-14.5,-44],"t":1}],"t":2},null,null,{"m":[1,0,0,1,0,0],"c":[{"id":19,"m":[1,0,0,1,-14.5,-44],"t":1}],"t":2},{"m":[1,0,0,1,0,0],"c":[{"id":19,"m":[1,0,0,1,-14.5,-44],"t":1}],"t":2},null,{"m":[1,0,0,1,0,0],"c":[{"id":21,"m":[1,0,0,1,-14.5,-44],"t":1}],"t":2},{"m":[1,0,0,1,0,0],"c":[{"id":21,"m":[1,0,0,1,-14.5,-44],"t":1}],"t":2},null,{"m":[1,0,0,1,0,0],"c":[{"id":23,"m":[1,0,0,1,-14.5,-44],"t":1}],"t":2},{"m":[1,0,0,1,0,0],"c":[{"id":23,"m":[1,0,0,1,-14.5,-44],"t":1}],"t":2},null,{"m":[1,0,0,1,0,0],"c":[{"id":25,"m":[1,0,0,1,-14.5,-44],"t":1}],"t":2},{"m":[1,0,0,1,0,0],"c":[{"id":25,"m":[1,0,0,1,-14.5,-44],"t":1}],"t":2},null,{"m":[1,0,0,1,0,0],"c":[{"id":17,"m":[1,0,0,1,-14.5,-44],"t":1}],"t":2},{"m":[1,0,0,1,0,0],"c":[{"id":17,"m":[1,0,0,1,-14.5,-44],"t":1}],"t":2},null,null,{"m":[1,0,0,1,0,0],"c":[{"id":19,"m":[1,0,0,1,-14.5,-44],"t":1}],"t":2},{"m":[1,0,0,1,0,0],"c":[{"id":19,"m":[1,0,0,1,-14.5,-44],"t":1}],"t":2},null,{"m":[1,0,0,1,0,0],"c":[{"id":21,"m":[1,0,0,1,-14.5,-44],"t":1}],"t":2},{"m":[1,0,0,1,0,0],"c":[{"id":21,"m":[1,0,0,1,-14.5,-44],"t":1}],"t":2},null,{"m":[1,0,0,1,0,0],"c":[{"id":23,"m":[1,0,0,1,-14.5,-44],"t":1}],"t":2},{"m":[1,0,0,1,0,0],"c":[{"id":23,"m":[1,0,0,1,-14.5,-44],"t":1}],"t":2},null,{"m":[1,0,0,1,0,0],"c":[{"id":25,"m":[1,0,0,1,-14.5,-44],"t":1}],"t":2},{"m":[1,0,0,1,0,0],"c":[{"id":25,"m":[1,0,0,1,-14.5,-44],"t":1}],"t":2},null,{"m":[1,0,0,1,0,0],"c":[{"id":17,"m":[1,0,0,1,-14.5,-44],"t":1}],"t":2},{"m":[1,0,0,1,0,0],"c":[{"id":17,"m":[1,0,0,1,-14.5,-44],"t":1}],"t":2},null,null,{"m":[1,0,0,1,0,0],"c":[{"id":19,"m":[1,0,0,1,-14.5,-44],"t":1}],"t":2},{"m":[1,0,0,1,0,0],"c":[{"id":19,"m":[1,0,0,1,-14.5,-44],"t":1}],"t":2},null,{"m":[1,0,0,1,0,0],"c":[{"id":21,"m":[1,0,0,1,-14.5,-44],"t":1}],"t":2},{"m":[1,0,0,1,0,0],"c":[{"id":21,"m":[1,0,0,1,-14.5,-44],"t":1}],"t":2},null,{"m":[1,0,0,1,0,0],"c":[{"id":23,"m":[1,0,0,1,-14.5,-44],"t":1}],"t":2},{"m":[1,0,0,1,0,0],"c":[{"id":23,"m":[1,0,0,1,-14.5,-44],"t":1}],"t":2},null,{"m":[1,0,0,1,0,0],"c":[{"id":25,"m":[1,0,0,1,-14.5,-44],"t":1}],"t":2},{"m":[1,0,0,1,0,0],"c":[{"id":25,"m":[1,0,0,1,-14.5,-44],"t":1}],"t":2},null,{"m":[1,0,0,1,0,0],"c":[{"id":17,"m":[1,0,0,1,-14.5,-44],"t":1}],"t":2},{"m":[1,0,0,1,0,0],"c":[{"id":17,"m":[1,0,0,1,-14.5,-44],"t":1}],"t":2},null,null,{"m":[1,0,0,1,0,0],"c":[{"id":19,"m":[1,0,0,1,-14.5,-44],"t":1}],"t":2},{"m":[1,0,0,1,0,0],"c":[{"id":19,"m":[1,0,0,1,-14.5,-44],"t":1}],"t":2},null,{"m":[1,0,0,1,0,0],"c":[{"id":21,"m":[1,0,0,1,-14.5,-44],"t":1}],"t":2},{"m":[1,0,0,1,0,0],"c":[{"id":21,"m":[1,0,0,1,-14.5,-44],"t":1}],"t":2},null,{"m":[1,0,0,1,0,0],"c":[{"id":23,"m":[1,0,0,1,-14.5,-44],"t":1}],"t":2},{"m":[1,0,0,1,0,0],"c":[{"id":23,"m":[1,0,0,1,-14.5,-44],"t":1}],"t":2},null,{"m":[1,0,0,1,0,0],"c":[{"id":25,"m":[1,0,0,1,-14.5,-44],"t":1}],"t":2},{"m":[1,0,0,1,0,0],"c":[{"id":25,"m":[1,0,0,1,-14.5,-44],"t":1}],"t":2},null,{"m":[1,0,0,1,0,0],"c":[{"id":17,"m":[1,0,0,1,-14.5,-44],"t":1}],"t":2},{"m":[1,0,0,1,0,0],"c":[{"id":17,"m":[1,0,0,1,-14.5,-44],"t":1}],"t":2},null,null,null],"f":[[{"i":0,"mi":0},{"i":1,"mi":0}],[{"i":3,"mi":0},{"i":4,"mi":0}],[{"i":6,"mi":0},{"i":7,"mi":0}],[{"i":9,"mi":0},{"i":10,"mi":0}],[{"i":12,"mi":0},{"i":13,"mi":0}],[{"i":15,"mi":0},{"i":16,"mi":0}],[{"i":15,"mi":0},{"i":16,"mi":0}],[{"i":19,"mi":0},{"i":20,"mi":0}],[{"i":22,"mi":0},{"i":23,"mi":0}],[{"i":25,"mi":0},{"i":26,"mi":0}],[{"i":28,"mi":0},{"i":29,"mi":0}],[{"i":31,"mi":0},{"i":32,"mi":0}],[{"i":31,"mi":0},{"i":32,"mi":0}],[{"i":35,"mi":0},{"i":36,"mi":0}],[{"i":38,"mi":0},{"i":39,"mi":0}],[{"i":41,"mi":0},{"i":42,"mi":0}],[{"i":44,"mi":0},{"i":45,"mi":0}],[{"i":47,"mi":0},{"i":48,"mi":0}],[{"i":47,"mi":0},{"i":48,"mi":0}],[{"i":51,"mi":0},{"i":52,"mi":0}],[{"i":54,"mi":0},{"i":55,"mi":0}],[{"i":57,"mi":0},{"i":58,"mi":0}],[{"i":60,"mi":0},{"i":61,"mi":0}],[{"i":63,"mi":0},{"i":64,"mi":0}],[{"i":63,"mi":0},{"i":64,"mi":0}],[{"i":67,"mi":0},{"i":68,"mi":0}],[{"i":70,"mi":0},{"i":71,"mi":0}],[{"i":73,"mi":0},{"i":74,"mi":0}],[{"i":76,"mi":0},{"i":77,"mi":0}],[{"i":79,"mi":0},{"i":80,"mi":0}],[{"i":79,"mi":0},{"i":80,"mi":0}],[{"i":83,"mi":0},{"i":84,"mi":0}],[{"i":86,"mi":0},{"i":87,"mi":0}],[{"i":89,"mi":0},{"i":90,"mi":0}],[{"i":92,"mi":0},{"i":93,"mi":0}],[{"i":95,"mi":0},{"i":96,"mi":0}],[{"i":95,"mi":0},{"i":96,"mi":0}]],"t":3},{"m":[0.999298095703125,0,0,1.0000457763671875,0,0],"c":[{"m":[1,0,0,1,0,0],"c":[{"id":5,"m":[1,0,0,1,-40,-46],"t":1}],"t":2},{"m":[1,0,0,1,0,-46.15],"c":[{"id":7,"m":[1.019287109375,0,0,1,-16.3,-15.5],"t":1}],"t":2},{"m":[0.68060302734375,0,0,0.68060302734375,0.25,-62.6],"c":[null,null],"f":[[]],"t":3},{"m":[0.68060302734375,0,0,0.68060302734375,0.25,-76.2],"c":[null,null],"f":[[]],"t":3},null,null,{"m":[1,0,0,1,0,13],"c":[],"t":2},{"m":[1,0,0,1,0,-27.65],"c":[],"t":2},{"m":[-1.0009613037109375,0,0,-1,1.2,-87.35],"c":[{"m":[1,0,0,1,-0.05,0],"c":[{"id":10,"m":[0.9989570379257202,0,0,0.9993904232978821,-23.9,-41.1],"t":1}],"t":2},null,null],"f":[[{"i":0,"mi":0}]],"t":3},null,{"m":[1,0,0,1,0,11.2],"c":[],"t":2},{"m":[1,0,0,1,0,-29.45],"c":[],"t":2},null,null,{"m":[1,0,0,1,0,9.4],"c":[],"t":2},{"m":[1.0000152587890625,0,0,1,0,-31.25],"c":[],"t":2},null,{"m":[1,0,0,1,0,7.55],"c":[],"t":2},{"m":[1.0000152587890625,0,0,1,0,-33.1],"c":[],"t":2},{"m":[1.0009613037109375,0,0,1,-0.4,-61.25],"c":[{"m":[1,0,0,1,0,0],"c":[{"id":13,"m":[1,0,0,1,-22.9,-23.4],"t":1}],"t":2},null,null],"f":[[{"i":0,"mi":0}]],"t":3},null,{"m":[1,0,0,1,0,5.75],"c":[],"t":2},{"m":[1.0000152587890625,0,0,1,0,-34.9],"c":[],"t":2},{"m":[1.0009613037109375,0,0,1,-13.9,-72.15],"c":[{"m":[1,0,0,1,0,0],"c":[{"id":13,"m":[1,0,0,1,-22.9,-23.4],"t":1}],"t":2},null,null],"f":[[{"i":0,"mi":0}]],"t":3},{"m":[1.0009613037109375,0,0,1,-1.7,-63.4],"c":[],"t":2},null,{"m":[1,0,0,1,0,3.95],"c":[],"t":2},{"m":[1.000030517578125,0,0,1,0,-39.45],"c":[],"t":2},{"m":[1.0009613037109375,0,0,1,-15.6,-73.85],"c":[],"t":2},{"m":[1.0009613037109375,0,0,1,-3.05,-65.55],"c":[],"t":2},null,{"m":[1,0,0,1,0,0],"c":[],"t":2},{"m":[1.0000457763671875,0,0,1,-0.05,-44],"c":[],"t":2},{"m":[1.0009613037109375,0,0,1,-17.25,-75.5],"c":[],"t":2},{"m":[1.0009613037109375,0,0,1,-4.35,-67.7],"c":[],"t":2},{"m":[1.0009613037109375,0,0,1,-3.35,-66.3],"c":[{"m":[1,0,0,1,0,0],"c":[{"id":13,"m":[1,0,0,1,-22.9,-23.4],"t":1}],"t":2},null,null],"f":[[{"i":0,"mi":0}]],"t":3},null,{"m":[1.0000457763671875,0,0,1,-0.05,-44.45],"c":[],"t":2},{"m":[1.0009613037109375,0,0,1,-18.95,-77.2],"c":[],"t":2},{"m":[1.0009613037109375,0,0,1,-5.7,-69.85],"c":[],"t":2},{"m":[1.0009613037109375,0,0,1,-4.15,-66.55],"c":[],"t":2},null,{"m":[1.000030517578125,0,0,1,-0.05,-44.95],"c":[],"t":2},{"m":[1.0009613037109375,0,0,1,-20.6,-78.9],"c":[],"t":2},{"m":[1.0009613037109375,0,0,1,-7,-72],"c":[],"t":2},{"m":[1.0009613037109375,0,0,1,-5,-66.85],"c":[],"t":2},null,{"m":[1,0,0,1,0,-46.15],"c":[],"t":2},{"m":[1.0009613037109375,0,0,1,-22.3,-80.55],"c":[],"t":2},{"m":[1.0009613037109375,0,0,1,-8.35,-74.15],"c":[],"t":2},{"m":[1.0009613037109375,0,0,1,-5.8,-67.1],"c":[],"t":2},null,{"m":[1.0009613037109375,0,0,1,-24,-82.25],"c":[],"t":2},{"m":[1.0009613037109375,0,0,1,-9.65,-76.3],"c":[],"t":2},{"m":[1.0009613037109375,0,0,1,-6.65,-67.35],"c":[],"t":2},null,{"m":[1.0009613037109375,0,0,1,-25.65,-83.95],"c":[],"t":2},{"m":[1.0009613037109375,0,0,1,-10.95,-78.5],"c":[],"t":2},{"m":[1.0009613037109375,0,0,1,-7.45,-67.65],"c":[],"t":2},null,{"m":[1.0009613037109375,0,0,1,-27.35,-85.65],"c":[],"t":2},{"m":[1.0009613037109375,0,0,1,-12.3,-80.65],"c":[],"t":2},{"m":[1.0009613037109375,0,0,1,-8.3,-67.9],"c":[],"t":2},null,{"m":[1.0009613037109375,0,0,1,-29,-87.3],"c":[],"t":2},{"m":[1.0009613037109375,0,0,1,-13.6,-82.8],"c":[],"t":2},{"m":[1.0009613037109375,0,0,1,-9.1,-68.15],"c":[],"t":2},null,{"m":[1.0009613037109375,0,0,1,-30.7,-89],"c":[],"t":2},{"m":[1.0009613037109375,0,0,1,-14.95,-84.95],"c":[],"t":2},{"m":[1.0009613037109375,0,0,1,-9.95,-68.45],"c":[],"t":2},null,{"m":[1.0009613037109375,0,0,1,-30.85,-88.1],"c":[],"t":2},{"m":[1.0009613037109375,0,0,1,-16.25,-87.1],"c":[],"t":2},{"m":[1.0009613037109375,0,0,1,-10.75,-68.7],"c":[],"t":2},null,{"m":[1.0009613037109375,0,0,1,-31,-87.2],"c":[],"t":2},{"m":[1.0009613037109375,0,0,1,-17.6,-89.25],"c":[],"t":2},{"m":[1.0009613037109375,0,0,1,-11.6,-68.95],"c":[],"t":2},null,{"m":[1.0009613037109375,0,0,1,-31.15,-86.25],"c":[],"t":2},{"m":[1.0009613037109375,0,0,1,-18.9,-91.4],"c":[],"t":2},{"m":[1.0009613037109375,0,0,1,-12.4,-69.25],"c":[],"t":2},null,{"m":[1.0009613037109375,0,0,1,-31.3,-85.35],"c":[],"t":2},{"m":[1.0009613037109375,0,0,1,-18.9,-90.25],"c":[],"t":2},{"m":[1.0009613037109375,0,0,1,-13.25,-69.5],"c":[],"t":2},null,{"m":[1.0009613037109375,0,0,1,-31.45,-84.45],"c":[],"t":2},{"m":[1.0009613037109375,0,0,1,-18.9,-89.1],"c":[],"t":2},{"m":[1.0009613037109375,0,0,1,-14.05,-69.75],"c":[],"t":2},null,{"m":[1.0009613037109375,0,0,1,-31.6,-83.55],"c":[],"t":2},{"m":[1.0009613037109375,0,0,1,-18.9,-87.95],"c":[],"t":2},{"m":[1.0009613037109375,0,0,1,-14.9,-70],"c":[],"t":2},null,{"m":[1.0009613037109375,0,0,1,-31.75,-82.6],"c":[],"t":2},{"m":[1.0009613037109375,0,0,1,-18.9,-86.85],"c":[],"t":2},{"m":[1.0009613037109375,0,0,1,-15.7,-70.3],"c":[],"t":2},null,{"m":[1.0009613037109375,0,0,1,-31.9,-81.7],"c":[],"t":2},{"m":[1.0009613037109375,0,0,1,-18.9,-85.7],"c":[],"t":2},{"m":[1.0009613037109375,0,0,1,-16.55,-70.55],"c":[],"t":2},null,{"m":[1.0009613037109375,0,0,1,-32,-80.8],"c":[],"t":2},{"m":[1.0009613037109375,0,0,1,-18.9,-84.55],"c":[],"t":2},{"m":[1.0009613037109375,0,0,1,-17.35,-70.8],"c":[],"t":2},null,{"m":[1.0009613037109375,0,0,1,-32.15,-79.9],"c":[],"t":2},{"m":[1.0009613037109375,0,0,1,-18.9,-83.4],"c":[],"t":2},{"m":[1.0009613037109375,0,0,1,-18.2,-71.1],"c":[],"t":2},null,{"m":[1.0009613037109375,0,0,1,-32.3,-78.95],"c":[],"t":2},{"m":[1.0009613037109375,0,0,1,-18.9,-82.25],"c":[],"t":2},{"m":[1.0009613037109375,0,0,1,-19,-71.35],"c":[],"t":2},null,{"m":[1.0009613037109375,0,0,1,-32.45,-78.05],"c":[],"t":2},{"m":[1.0009613037109375,0,0,1,-18.9,-81.1],"c":[],"t":2},{"m":[1.0009613037109375,0,0,1,-19.85,-71.6],"c":[],"t":2},null,{"m":[1.0009613037109375,0,0,1,-32.6,-77.15],"c":[],"t":2},{"m":[1.0009613037109375,0,0,1,-18.9,-79.95],"c":[],"t":2},{"m":[1.0009613037109375,0,0,1,-20.65,-71.9],"c":[],"t":2},null,{"m":[1.0009613037109375,0,0,1,-32.75,-76.25],"c":[],"t":2},{"m":[1.0009613037109375,0,0,1,-18.9,-78.85],"c":[],"t":2},{"m":[1.0009613037109375,0,0,1,-21.5,-72.15],"c":[],"t":2},null,{"m":[1.0009613037109375,0,0,1,-32.9,-75.3],"c":[],"t":2},{"m":[1.0009613037109375,0,0,1,-18.9,-77.7],"c":[],"t":2},{"m":[1.0009613037109375,0,0,1,-22.3,-72.4],"c":[],"t":2},null,{"m":[1.0009613037109375,0,0,1,-33.05,-74.4],"c":[],"t":2},{"m":[1.0009613037109375,0,0,1,-18.9,-76.55],"c":[],"t":2},{"m":[1.0009613037109375,0,0,1,-23.15,-72.7],"c":[],"t":2},null,{"m":[1.0009613037109375,0,0,1,-33.2,-73.5],"c":[],"t":2},{"m":[1.0009613037109375,0,0,1,-18.9,-75.4],"c":[],"t":2},{"m":[1.0009613037109375,0,0,1,-23.95,-72.95],"c":[],"t":2},null,null,null,null,null,null,null,null,null,null,null,null,null,null,null,null,null,null,null,null,null,null],"f":[[{"i":2,"mi":0},{"i":0,"mi":0},{"i":1,"mi":0},{"i":3,"mi":0}],[{"i":2,"mi":0},{"i":0,"mi":6},{"i":1,"mi":7},{"i":3,"mi":0},{"i":8,"mi":0}],[{"i":2,"mi":0},{"i":0,"mi":10},{"i":1,"mi":11},{"i":3,"mi":0},{"i":8,"mi":0}],[{"i":2,"mi":0},{"i":0,"mi":14},{"i":1,"mi":15},{"i":3,"mi":0}],[{"i":2,"mi":0},{"i":0,"mi":17},{"i":1,"mi":18},{"i":3,"mi":0},{"i":19,"mi":0}],[{"i":0,"mi":21},{"i":1,"mi":22},{"i":23,"mi":0},{"i":19,"mi":24},{"i":2,"mi":0},{"i":3,"mi":0}],[{"i":0,"mi":26},{"i":1,"mi":27},{"i":23,"mi":28},{"i":19,"mi":29},{"i":2,"mi":0},{"i":3,"mi":0}],[{"i":0,"mi":31},{"i":1,"mi":32},{"i":23,"mi":33},{"i":19,"mi":34},{"i":35,"mi":0},{"i":2,"mi":0},{"i":3,"mi":0}],[{"i":0,"mi":31},{"i":1,"mi":37},{"i":23,"mi":38},{"i":19,"mi":39},{"i":35,"mi":40},{"i":2,"mi":0},{"i":3,"mi":0}],[{"i":0,"mi":31},{"i":1,"mi":42},{"i":23,"mi":43},{"i":19,"mi":44},{"i":35,"mi":45},{"i":2,"mi":0},{"i":3,"mi":0}],[{"i":0,"mi":31},{"i":1,"mi":47},{"i":23,"mi":48},{"i":19,"mi":49},{"i":35,"mi":50},{"i":2,"mi":0},{"i":3,"mi":0}],[{"i":0,"mi":31},{"i":1,"mi":47},{"i":23,"mi":52},{"i":19,"mi":53},{"i":35,"mi":54},{"i":2,"mi":0},{"i":3,"mi":0}],[{"i":0,"mi":31},{"i":1,"mi":47},{"i":23,"mi":56},{"i":19,"mi":57},{"i":35,"mi":58},{"i":2,"mi":0},{"i":3,"mi":0}],[{"i":0,"mi":31},{"i":1,"mi":47},{"i":23,"mi":60},{"i":19,"mi":61},{"i":35,"mi":62},{"i":2,"mi":0},{"i":3,"mi":0}],[{"i":0,"mi":31},{"i":1,"mi":47},{"i":23,"mi":64},{"i":19,"mi":65},{"i":35,"mi":66},{"i":2,"mi":0},{"i":3,"mi":0}],[{"i":0,"mi":31},{"i":1,"mi":47},{"i":23,"mi":68},{"i":19,"mi":69},{"i":35,"mi":70},{"i":2,"mi":0},{"i":3,"mi":0}],[{"i":0,"mi":31},{"i":1,"mi":47},{"i":23,"mi":72},{"i":19,"mi":73},{"i":35,"mi":74},{"i":2,"mi":0},{"i":3,"mi":0}],[{"i":0,"mi":31},{"i":1,"mi":47},{"i":23,"mi":76},{"i":19,"mi":77},{"i":35,"mi":78},{"i":2,"mi":0},{"i":3,"mi":0}],[{"i":0,"mi":31},{"i":1,"mi":47},{"i":23,"mi":80},{"i":19,"mi":81},{"i":35,"mi":82},{"i":2,"mi":0},{"i":3,"mi":0}],[{"i":0,"mi":31},{"i":1,"mi":47},{"i":23,"mi":84},{"i":19,"mi":85},{"i":35,"mi":86},{"i":2,"mi":0},{"i":3,"mi":0}],[{"i":0,"mi":31},{"i":1,"mi":47},{"i":23,"mi":88},{"i":19,"mi":89},{"i":35,"mi":90},{"i":2,"mi":0},{"i":3,"mi":0}],[{"i":0,"mi":31},{"i":1,"mi":47},{"i":23,"mi":92},{"i":19,"mi":93},{"i":35,"mi":94},{"i":2,"mi":0},{"i":3,"mi":0}],[{"i":0,"mi":31},{"i":1,"mi":47},{"i":23,"mi":96},{"i":19,"mi":97},{"i":35,"mi":98},{"i":2,"mi":0},{"i":3,"mi":0}],[{"i":0,"mi":31},{"i":1,"mi":47},{"i":23,"mi":100},{"i":19,"mi":101},{"i":35,"mi":102},{"i":2,"mi":0},{"i":3,"mi":0}],[{"i":0,"mi":31},{"i":1,"mi":47},{"i":23,"mi":104},{"i":19,"mi":105},{"i":35,"mi":106},{"i":2,"mi":0},{"i":3,"mi":0}],[{"i":0,"mi":31},{"i":1,"mi":47},{"i":23,"mi":108},{"i":19,"mi":109},{"i":35,"mi":110},{"i":2,"mi":0},{"i":3,"mi":0}],[{"i":0,"mi":31},{"i":1,"mi":47},{"i":23,"mi":112},{"i":19,"mi":113},{"i":35,"mi":114},{"i":2,"mi":0},{"i":3,"mi":0}],[{"i":0,"mi":31},{"i":1,"mi":47},{"i":23,"mi":116},{"i":19,"mi":117},{"i":35,"mi":118},{"i":2,"mi":0},{"i":3,"mi":0}],[{"i":0,"mi":31},{"i":1,"mi":47},{"i":23,"mi":120},{"i":19,"mi":121},{"i":35,"mi":122},{"i":2,"mi":0},{"i":3,"mi":0}],[{"i":0,"mi":31},{"i":1,"mi":47},{"i":23,"mi":124},{"i":19,"mi":125},{"i":35,"mi":126},{"i":2,"mi":0},{"i":3,"mi":0}],[{"i":0,"mi":31},{"i":1,"mi":47},{"i":23,"mi":128},{"i":19,"mi":129},{"i":35,"mi":130},{"i":2,"mi":0},{"i":3,"mi":0}],[{"i":0,"mi":31},{"i":1,"mi":47},{"i":23,"mi":132},{"i":19,"mi":133},{"i":35,"mi":134},{"i":2,"mi":0},{"i":3,"mi":0}],[{"i":0,"mi":31},{"i":1,"mi":47},{"i":23,"mi":136},{"i":19,"mi":137},{"i":35,"mi":138},{"i":2,"mi":0},{"i":3,"mi":0}],[{"i":0,"mi":31},{"i":1,"mi":47},{"i":2,"mi":0},{"i":3,"mi":0}],[{"i":2,"mi":0},{"i":0,"mi":31},{"i":1,"mi":47},{"i":3,"mi":0}],[{"i":2,"mi":0},{"i":0,"mi":31},{"i":1,"mi":47},{"i":3,"mi":0}],[{"i":2,"mi":0},{"i":0,"mi":31},{"i":1,"mi":47},{"i":3,"mi":0}],[{"i":2,"mi":0},{"i":0,"mi":31},{"i":1,"mi":47},{"i":3,"mi":0}],[{"i":2,"mi":0},{"i":0,"mi":31},{"i":1,"mi":47},{"i":3,"mi":0}],[{"i":2,"mi":0},{"i":0,"mi":31},{"i":1,"mi":47},{"i":3,"mi":0}],[{"i":2,"mi":0},{"i":0,"mi":31},{"i":1,"mi":47},{"i":3,"mi":0}],[{"i":2,"mi":0},{"i":0,"mi":31},{"i":1,"mi":47},{"i":3,"mi":0}],[{"i":2,"mi":0},{"i":0,"mi":31},{"i":1,"mi":47},{"i":3,"mi":0}],[{"i":2,"mi":0},{"i":0,"mi":31},{"i":1,"mi":47},{"i":3,"mi":0}],[{"i":2,"mi":0},{"i":0,"mi":31},{"i":1,"mi":47},{"i":3,"mi":0}],[{"i":2,"mi":0},{"i":0,"mi":31},{"i":1,"mi":47},{"i":3,"mi":0}],[{"i":2,"mi":0},{"i":0,"mi":31},{"i":1,"mi":47},{"i":3,"mi":0}],[{"i":2,"mi":0},{"i":0,"mi":31},{"i":1,"mi":47},{"i":3,"mi":0}],[{"i":2,"mi":0},{"i":0,"mi":31},{"i":1,"mi":47},{"i":3,"mi":0}],[{"i":2,"mi":0},{"i":0,"mi":31},{"i":1,"mi":47},{"i":3,"mi":0}]],"t":3},null,null,null,null,null,{"m":[1,0,0,1,0,0],"c":[{"m":[1,0,0,1,0,0],"c":[{"m":[1,0,0,1,0,0],"c":[{"id":1,"m":[1,0,0,1,-57,-61.5],"t":1}],"t":2},null,null],"f":[[{"i":0,"mi":0}]],"t":3},null,null,null,null,null,null,null,null,null,null,null,null,null,null,null,null,null,null,null,null,null,null,null,null,null,null,null,null,null,null,null,null,null,null,null,null,null,null,null,null,null,null,null,null,null,null,null,null,null,null,null,null,null,null,null,null,null,null,null,null,null,null,{"m":[1,0,0,1,0,0],"c":[],"t":2},null,{"m":[1,0,0,1,0,0],"c":[],"t":2},null,{"m":[1,0,0,1,0,0],"c":[],"t":2},null,{"m":[1,0,0,1,0,0],"c":[],"t":2},null,{"m":[1,0,0,1,0,0],"c":[],"t":2},null,{"m":[1,0,0,1,0,0],"c":[],"t":2},null,{"m":[1,0,0,1,0,0],"c":[],"t":2},null,{"m":[1,0,0,1,0,0],"c":[],"t":2},null,{"m":[1,0,0,1,0,0],"c":[],"t":2},null,{"m":[1,0,0,1,0,0],"c":[],"t":2},null,{"m":[1,0,0,1,0,0],"c":[],"t":2},null,{"m":[1,0,0,1,0,0],"c":[],"t":2},null,{"m":[1,0,0,1,0,0],"c":[],"t":2},null,{"m":[1,0,0,1,0,0],"c":[],"t":2},null,{"m":[1,0,0,1,0,0],"c":[],"t":2},null,{"m":[1,0,0,1,0,0],"c":[],"t":2},null,{"m":[1,0,0,1,0,0],"c":[],"t":2},null,{"m":[1,0,0,1,0,0],"c":[],"t":2},null,{"m":[1,0,0,1,0,0],"c":[],"t":2},null,{"m":[1,0,0,1,0,0],"c":[],"t":2},null,null],"f":[[{"i":0,"mi":0}],[{"i":0,"mi":0}],[{"i":0,"mi":0}],[{"i":0,"mi":0}],[{"i":0,"mi":0}],[{"i":0,"mi":0}],[{"i":0,"mi":0}],[{"i":0,"mi":0}],[{"i":0,"mi":0}],[{"i":0,"mi":0}],[{"i":0,"mi":0}],[{"i":0,"mi":0}],[{"i":0,"mi":0}],[{"i":0,"mi":0}],[{"i":0,"mi":0}],[{"i":0,"mi":0}],[{"i":0,"mi":0}],[{"i":0,"mi":0}],[{"i":0,"mi":0}],[{"i":0,"mi":0}],[{"i":0,"mi":0}],[{"i":0,"mi":0}],[{"i":0,"mi":0}],[{"i":0,"mi":0}],[{"i":0,"mi":0}],[{"i":0,"mi":0}],[{"i":0,"mi":0}],[{"i":0,"mi":0}],[{"i":0,"mi":0}],[{"i":0,"mi":0}],[{"i":0,"mi":0}],[{"i":0,"mi":0}],[{"i":0,"mi":0}],[{"i":0,"mi":0}],[{"i":0,"mi":0}],[{"i":0,"mi":0}],[{"i":0,"mi":0}],[{"i":0,"mi":0}],[{"i":0,"mi":0}],[{"i":0,"mi":0}],[{"i":0,"mi":0}],[{"i":0,"mi":0}],[{"i":0,"mi":0}],[{"i":0,"mi":0}],[{"i":0,"mi":0}],[{"i":0,"mi":0}],[{"i":0,"mi":0}],[{"i":0,"mi":0}],[{"i":0,"mi":0}],[{"i":0,"mi":0}],[{"i":0,"mi":0}],[{"i":0,"mi":0}],[{"i":0,"mi":0}],[{"i":0,"mi":0}],[{"i":0,"mi":0}],[{"i":0,"mi":0}],[{"i":0,"mi":0}],[{"i":0,"mi":0}],[{"i":0,"mi":0}],[{"i":0,"mi":0}],[{"i":0,"mi":0}],[{"i":0,"mi":0}],[{"i":0,"mi":63}],[{"i":0,"mi":65}],[{"i":0,"mi":67}],[{"i":0,"mi":69}],[{"i":0,"mi":71}],[{"i":0,"mi":73}],[{"i":0,"mi":75}],[{"i":0,"mi":77}],[{"i":0,"mi":79}],[{"i":0,"mi":81}],[{"i":0,"mi":83}],[{"i":0,"mi":85}],[{"i":0,"mi":87}],[{"i":0,"mi":89}],[{"i":0,"mi":91}],[{"i":0,"mi":93}],[{"i":0,"mi":95}],[{"i":0,"mi":97}],[{"i":0,"mi":99}],[{"i":0,"mi":101}]],"t":3},null,null],"f":[[{"i":1,"mi":0},{"i":0,"mi":0}],[{"i":1,"mi":0},{"i":0,"mi":0}],[{"i":1,"mi":0},{"i":0,"mi":0}],[{"i":7,"mi":0}]],"t":3},{"m":[0.609527587890625,0,0,0.6399993896484375,-25,-69.5],"c":[{"m":[-9.04705810546875,0,0,0.20977783203125,0,-6.8],"c":[{"m":[1,0,0,1,0,0],"c":[],"t":2},null,null],"f":[[{"i":0,"mi":0}]],"t":3},{"m":[1,0,0,1,0.85,0.1],"c":[{"m":[1,0,0,1,0,0],"c":[],"t":2},null,null],"f":[[{"i":0,"mi":0}]],"t":3},{"m":[1,0,0,1,-1,-0.95],"c":[{"m":[1,0,0,1,0,0],"c":[],"t":2},null,null],"f":[[{"i":0,"mi":0}]],"t":3},{"m":[1,0,0,1,0,0],"c":[],"t":2},null,{"m":[-9.047195434570313,0,0,0.20977783203125,0.8,-6.8],"c":[],"t":2},null,{"m":[-9.047195434570313,0,0,0.20977783203125,1.65,-6.8],"c":[],"t":2},null,{"m":[-9.047195434570313,0,0,0.20977783203125,2.45,-6.8],"c":[],"t":2},null,{"m":[-9.047195434570313,0,0,0.20977783203125,3.25,-6.8],"c":[],"t":2},null,{"m":[-9.047195434570313,0,0,0.20977783203125,4.1,-6.8],"c":[],"t":2},null,{"m":[-9.047195434570313,0,0,0.20977783203125,4.9,-6.8],"c":[],"t":2},null,{"m":[-9.047195434570313,0,0,0.20977783203125,5.75,-6.8],"c":[],"t":2},null,{"m":[-9.047195434570313,0,0,0.20977783203125,6.55,-6.8],"c":[],"t":2},null,{"m":[-9.047195434570313,0,0,0.20977783203125,7.35,-6.8],"c":[],"t":2},null,{"m":[-9.047195434570313,0,0,0.20977783203125,8.2,-6.8],"c":[],"t":2},null,{"m":[-9.047195434570313,0,0,0.20977783203125,9,-6.8],"c":[],"t":2},null,{"m":[-9.047195434570313,0,0,0.20977783203125,9.8,-6.8],"c":[],"t":2},null,{"m":[-9.047195434570313,0,0,0.20977783203125,10.65,-6.8],"c":[],"t":2},null,{"m":[-9.047195434570313,0,0,0.20977783203125,11.45,-6.8],"c":[],"t":2},null,{"m":[-9.047195434570313,0,0,0.20977783203125,12.25,-6.8],"c":[],"t":2},null,{"m":[-9.047195434570313,0,0,0.20977783203125,13.1,-6.8],"c":[],"t":2},null,{"m":[-9.047195434570313,0,0,0.20977783203125,13.9,-6.8],"c":[],"t":2},null,{"m":[-9.047195434570313,0,0,0.20977783203125,14.75,-6.8],"c":[],"t":2},null,{"m":[-9.047195434570313,0,0,0.20977783203125,15.55,-6.8],"c":[],"t":2},null,{"m":[-9.047195434570313,0,0,0.20977783203125,16.35,-6.8],"c":[],"t":2},null,{"m":[-9.047195434570313,0,0,0.20977783203125,17.2,-6.8],"c":[],"t":2},null,{"m":[-9.047195434570313,0,0,0.20977783203125,18,-6.8],"c":[],"t":2},null,{"m":[-9.047195434570313,0,0,0.20977783203125,18.8,-6.8],"c":[],"t":2},null,{"m":[-9.047195434570313,0,0,0.20977783203125,19.65,-6.8],"c":[],"t":2},null,{"m":[-9.047195434570313,0,0,0.20977783203125,20.45,-6.8],"c":[],"t":2},null,{"m":[-9.047195434570313,0,0,0.20977783203125,21.25,-6.8],"c":[],"t":2},null,{"m":[-9.047195434570313,0,0,0.20977783203125,22.1,-6.8],"c":[],"t":2},null,{"m":[-9.047195434570313,0,0,0.20977783203125,22.9,-6.8],"c":[],"t":2},null,{"m":[-9.047195434570313,0,0,0.20977783203125,23.75,-6.8],"c":[],"t":2},null,{"m":[-9.047195434570313,0,0,0.20977783203125,24.55,-6.8],"c":[],"t":2},null,{"m":[-9.047195434570313,0,0,0.20977783203125,25.35,-6.8],"c":[],"t":2},null,{"m":[-9.047195434570313,0,0,0.20977783203125,26.2,-6.8],"c":[],"t":2},null,{"m":[-9.047195434570313,0,0,0.20977783203125,27,-6.8],"c":[],"t":2},null,{"m":[-9.047195434570313,0,0,0.20977783203125,27.8,-6.8],"c":[],"t":2},null,{"m":[-9.047195434570313,0,0,0.20977783203125,28.65,-6.8],"c":[],"t":2},null,{"m":[-9.047195434570313,0,0,0.20977783203125,29.45,-6.8],"c":[],"t":2},null,{"m":[-9.047195434570313,0,0,0.20977783203125,30.25,-6.8],"c":[],"t":2},null,{"m":[-9.047195434570313,0,0,0.20977783203125,31.1,-6.8],"c":[],"t":2},null,{"m":[-9.047195434570313,0,0,0.20977783203125,31.9,-6.8],"c":[],"t":2},null,{"m":[-9.047195434570313,0,0,0.20977783203125,32.75,-6.8],"c":[],"t":2},null,{"m":[-9.047195434570313,0,0,0.20977783203125,33.55,-6.8],"c":[],"t":2},null,{"m":[-9.047195434570313,0,0,0.20977783203125,34.35,-6.8],"c":[],"t":2},null,{"m":[-9.047195434570313,0,0,0.20977783203125,35.2,-6.8],"c":[],"t":2},null,{"m":[-9.047195434570313,0,0,0.20977783203125,36,-6.8],"c":[],"t":2},null,{"m":[-9.047195434570313,0,0,0.20977783203125,36.8,-6.8],"c":[],"t":2},null,{"m":[-9.047195434570313,0,0,0.20977783203125,37.65,-6.8],"c":[],"t":2},null,{"m":[-9.047195434570313,0,0,0.20977783203125,38.45,-6.8],"c":[],"t":2},null,{"m":[-9.047195434570313,0,0,0.20977783203125,39.25,-6.8],"c":[],"t":2},null,{"m":[-9.047195434570313,0,0,0.20977783203125,40.1,-6.8],"c":[],"t":2},null,{"m":[-9.047195434570313,0,0,0.2097625732421875,40.9,-6.8],"c":[],"t":2},null,{"m":[-9.047195434570313,0,0,0.2097625732421875,41.75,-6.8],"c":[],"t":2},null,{"m":[-9.047195434570313,0,0,0.2097625732421875,42.55,-6.8],"c":[],"t":2},null,{"m":[-9.047195434570313,0,0,0.2097625732421875,43.35,-6.8],"c":[],"t":2},null,{"m":[-9.047195434570313,0,0,0.2097625732421875,44.2,-6.8],"c":[],"t":2},null,{"m":[-9.047195434570313,0,0,0.2097625732421875,45,-6.8],"c":[],"t":2},null,{"m":[-9.047195434570313,0,0,0.2097625732421875,45.8,-6.8],"c":[],"t":2},null,{"m":[-9.047195434570313,0,0,0.2097625732421875,46.65,-6.8],"c":[],"t":2},null,{"m":[-9.047195434570313,0,0,0.2097625732421875,47.45,-6.8],"c":[],"t":2},null,{"m":[-9.047195434570313,0,0,0.2097625732421875,48.25,-6.8],"c":[],"t":2},null,{"m":[-9.047195434570313,0,0,0.2097625732421875,49.1,-6.8],"c":[],"t":2},null,{"m":[-9.047195434570313,0,0,0.2097625732421875,49.9,-6.8],"c":[],"t":2},null,{"m":[-9.047195434570313,0,0,0.2097625732421875,50.75,-6.8],"c":[],"t":2},null,{"m":[-9.047195434570313,0,0,0.2097625732421875,51.55,-6.8],"c":[],"t":2},null,{"m":[-9.047195434570313,0,0,0.2097625732421875,52.35,-6.8],"c":[],"t":2},null,{"m":[-9.047195434570313,0,0,0.2097625732421875,53.2,-6.8],"c":[],"t":2},null,{"m":[-9.047195434570313,0,0,0.2097625732421875,54,-6.8],"c":[],"t":2},null,{"m":[-9.047195434570313,0,0,0.2097625732421875,54.8,-6.8],"c":[],"t":2},null,{"m":[-9.047195434570313,0,0,0.2097625732421875,55.65,-6.8],"c":[],"t":2},null,{"m":[-9.047195434570313,0,0,0.2097625732421875,56.45,-6.8],"c":[],"t":2},null,{"m":[-9.047195434570313,0,0,0.2097625732421875,57.25,-6.8],"c":[],"t":2},null,{"m":[-9.047195434570313,0,0,0.2097625732421875,58.1,-6.8],"c":[],"t":2},null,{"m":[-9.047195434570313,0,0,0.2097625732421875,58.9,-6.8],"c":[],"t":2},null,{"m":[-9.047195434570313,0,0,0.2097625732421875,59.75,-6.8],"c":[],"t":2},null,{"m":[-9.047195434570313,0,0,0.2097625732421875,60.55,-6.8],"c":[],"t":2},null,{"m":[-9.047195434570313,0,0,0.2097625732421875,61.35,-6.8],"c":[],"t":2},null,{"m":[-9.047195434570313,0,0,0.2097625732421875,62.2,-6.8],"c":[],"t":2},null,{"m":[-9.047195434570313,0,0,0.2097625732421875,63,-6.8],"c":[],"t":2},null,{"m":[-9.047195434570313,0,0,0.2097625732421875,63.8,-6.8],"c":[],"t":2},null,{"m":[-9.047195434570313,0,0,0.2097625732421875,64.65,-6.8],"c":[],"t":2},null,{"m":[-9.047195434570313,0,0,0.2097625732421875,65.45,-6.8],"c":[],"t":2},null,{"m":[-9.047195434570313,0,0,0.2097625732421875,66.25,-6.8],"c":[],"t":2},null,{"m":[-9.047195434570313,0,0,0.2097625732421875,67.1,-6.8],"c":[],"t":2},null,{"m":[-9.047195434570313,0,0,0.2097625732421875,67.9,-6.8],"c":[],"t":2},null,{"m":[-9.047195434570313,0,0,0.2097625732421875,68.75,-6.8],"c":[],"t":2},null,{"m":[-9.047195434570313,0,0,0.2097625732421875,69.55,-6.8],"c":[],"t":2},null,{"m":[-9.047195434570313,0,0,0.2097625732421875,70.35,-6.8],"c":[],"t":2},null,{"m":[-9.047195434570313,0,0,0.2097625732421875,71.2,-6.8],"c":[],"t":2},null,{"m":[-9.047195434570313,0,0,0.2097625732421875,72,-6.8],"c":[],"t":2},null,{"m":[-9.047195434570313,0,0,0.2097625732421875,72.8,-6.8],"c":[],"t":2},null,{"m":[-9.047195434570313,0,0,0.2097625732421875,73.65,-6.8],"c":[],"t":2},null,{"m":[-9.047195434570313,0,0,0.2097625732421875,74.45,-6.8],"c":[],"t":2},null,{"m":[-9.047195434570313,0,0,0.2097625732421875,75.25,-6.8],"c":[],"t":2},null,{"m":[-9.047195434570313,0,0,0.2097625732421875,76.1,-6.8],"c":[],"t":2},null,{"m":[-9.047195434570313,0,0,0.2097625732421875,76.9,-6.8],"c":[],"t":2},null,{"m":[-9.047195434570313,0,0,0.2097625732421875,77.75,-6.8],"c":[],"t":2},null,{"m":[-9.047195434570313,0,0,0.2097625732421875,78.55,-6.8],"c":[],"t":2},null,{"m":[-9.047195434570313,0,0,0.2097625732421875,79.35,-6.8],"c":[],"t":2},null,{"m":[-9.047195434570313,0,0,0.2097625732421875,80.2,-6.8],"c":[],"t":2},null,{"m":[-9.04705810546875,0,0,0.2097625732421875,81,-6.8],"c":[],"t":2},null,null],"f":[[{"i":0,"mi":0},{"i":3,"mi":0},{"i":1,"mi":0},{"i":2,"mi":0}],[{"i":0,"mi":5},{"i":3,"mi":0},{"i":1,"mi":0},{"i":2,"mi":0}],[{"i":0,"mi":7},{"i":3,"mi":0},{"i":1,"mi":0},{"i":2,"mi":0}],[{"i":0,"mi":9},{"i":3,"mi":0},{"i":1,"mi":0},{"i":2,"mi":0}],[{"i":0,"mi":11},{"i":3,"mi":0},{"i":1,"mi":0},{"i":2,"mi":0}],[{"i":0,"mi":13},{"i":3,"mi":0},{"i":1,"mi":0},{"i":2,"mi":0}],[{"i":0,"mi":15},{"i":3,"mi":0},{"i":1,"mi":0},{"i":2,"mi":0}],[{"i":0,"mi":17},{"i":3,"mi":0},{"i":1,"mi":0},{"i":2,"mi":0}],[{"i":0,"mi":19},{"i":3,"mi":0},{"i":1,"mi":0},{"i":2,"mi":0}],[{"i":0,"mi":21},{"i":3,"mi":0},{"i":1,"mi":0},{"i":2,"mi":0}],[{"i":0,"mi":23},{"i":3,"mi":0},{"i":1,"mi":0},{"i":2,"mi":0}],[{"i":0,"mi":25},{"i":3,"mi":0},{"i":1,"mi":0},{"i":2,"mi":0}],[{"i":0,"mi":27},{"i":3,"mi":0},{"i":1,"mi":0},{"i":2,"mi":0}],[{"i":0,"mi":29},{"i":3,"mi":0},{"i":1,"mi":0},{"i":2,"mi":0}],[{"i":0,"mi":31},{"i":3,"mi":0},{"i":1,"mi":0},{"i":2,"mi":0}],[{"i":0,"mi":33},{"i":3,"mi":0},{"i":1,"mi":0},{"i":2,"mi":0}],[{"i":0,"mi":35},{"i":3,"mi":0},{"i":1,"mi":0},{"i":2,"mi":0}],[{"i":0,"mi":37},{"i":3,"mi":0},{"i":1,"mi":0},{"i":2,"mi":0}],[{"i":0,"mi":39},{"i":3,"mi":0},{"i":1,"mi":0},{"i":2,"mi":0}],[{"i":0,"mi":41},{"i":3,"mi":0},{"i":1,"mi":0},{"i":2,"mi":0}],[{"i":0,"mi":43},{"i":3,"mi":0},{"i":1,"mi":0},{"i":2,"mi":0}],[{"i":0,"mi":45},{"i":3,"mi":0},{"i":1,"mi":0},{"i":2,"mi":0}],[{"i":0,"mi":47},{"i":3,"mi":0},{"i":1,"mi":0},{"i":2,"mi":0}],[{"i":0,"mi":49},{"i":3,"mi":0},{"i":1,"mi":0},{"i":2,"mi":0}],[{"i":0,"mi":51},{"i":3,"mi":0},{"i":1,"mi":0},{"i":2,"mi":0}],[{"i":0,"mi":53},{"i":3,"mi":0},{"i":1,"mi":0},{"i":2,"mi":0}],[{"i":0,"mi":55},{"i":3,"mi":0},{"i":1,"mi":0},{"i":2,"mi":0}],[{"i":0,"mi":57},{"i":3,"mi":0},{"i":1,"mi":0},{"i":2,"mi":0}],[{"i":0,"mi":59},{"i":3,"mi":0},{"i":1,"mi":0},{"i":2,"mi":0}],[{"i":0,"mi":61},{"i":3,"mi":0},{"i":1,"mi":0},{"i":2,"mi":0}],[{"i":0,"mi":63},{"i":3,"mi":0},{"i":1,"mi":0},{"i":2,"mi":0}],[{"i":0,"mi":65},{"i":3,"mi":0},{"i":1,"mi":0},{"i":2,"mi":0}],[{"i":0,"mi":67},{"i":3,"mi":0},{"i":1,"mi":0},{"i":2,"mi":0}],[{"i":0,"mi":69},{"i":3,"mi":0},{"i":1,"mi":0},{"i":2,"mi":0}],[{"i":0,"mi":71},{"i":3,"mi":0},{"i":1,"mi":0},{"i":2,"mi":0}],[{"i":0,"mi":73},{"i":3,"mi":0},{"i":1,"mi":0},{"i":2,"mi":0}],[{"i":0,"mi":75},{"i":3,"mi":0},{"i":1,"mi":0},{"i":2,"mi":0}],[{"i":0,"mi":77},{"i":3,"mi":0},{"i":1,"mi":0},{"i":2,"mi":0}],[{"i":0,"mi":79},{"i":3,"mi":0},{"i":1,"mi":0},{"i":2,"mi":0}],[{"i":0,"mi":81},{"i":3,"mi":0},{"i":1,"mi":0},{"i":2,"mi":0}],[{"i":0,"mi":83},{"i":3,"mi":0},{"i":1,"mi":0},{"i":2,"mi":0}],[{"i":0,"mi":85},{"i":3,"mi":0},{"i":1,"mi":0},{"i":2,"mi":0}],[{"i":0,"mi":87},{"i":3,"mi":0},{"i":1,"mi":0},{"i":2,"mi":0}],[{"i":0,"mi":89},{"i":3,"mi":0},{"i":1,"mi":0},{"i":2,"mi":0}],[{"i":0,"mi":91},{"i":3,"mi":0},{"i":1,"mi":0},{"i":2,"mi":0}],[{"i":0,"mi":93},{"i":3,"mi":0},{"i":1,"mi":0},{"i":2,"mi":0}],[{"i":0,"mi":95},{"i":3,"mi":0},{"i":1,"mi":0},{"i":2,"mi":0}],[{"i":0,"mi":97},{"i":3,"mi":0},{"i":1,"mi":0},{"i":2,"mi":0}],[{"i":0,"mi":99},{"i":3,"mi":0},{"i":1,"mi":0},{"i":2,"mi":0}],[{"i":0,"mi":101},{"i":3,"mi":0},{"i":1,"mi":0},{"i":2,"mi":0}],[{"i":0,"mi":103},{"i":3,"mi":0},{"i":1,"mi":0},{"i":2,"mi":0}],[{"i":0,"mi":105},{"i":3,"mi":0},{"i":1,"mi":0},{"i":2,"mi":0}],[{"i":0,"mi":107},{"i":3,"mi":0},{"i":1,"mi":0},{"i":2,"mi":0}],[{"i":0,"mi":109},{"i":3,"mi":0},{"i":1,"mi":0},{"i":2,"mi":0}],[{"i":0,"mi":111},{"i":3,"mi":0},{"i":1,"mi":0},{"i":2,"mi":0}],[{"i":0,"mi":113},{"i":3,"mi":0},{"i":1,"mi":0},{"i":2,"mi":0}],[{"i":0,"mi":115},{"i":3,"mi":0},{"i":1,"mi":0},{"i":2,"mi":0}],[{"i":0,"mi":117},{"i":3,"mi":0},{"i":1,"mi":0},{"i":2,"mi":0}],[{"i":0,"mi":119},{"i":3,"mi":0},{"i":1,"mi":0},{"i":2,"mi":0}],[{"i":0,"mi":121},{"i":3,"mi":0},{"i":1,"mi":0},{"i":2,"mi":0}],[{"i":0,"mi":123},{"i":3,"mi":0},{"i":1,"mi":0},{"i":2,"mi":0}],[{"i":0,"mi":125},{"i":3,"mi":0},{"i":1,"mi":0},{"i":2,"mi":0}],[{"i":0,"mi":127},{"i":3,"mi":0},{"i":1,"mi":0},{"i":2,"mi":0}],[{"i":0,"mi":129},{"i":3,"mi":0},{"i":1,"mi":0},{"i":2,"mi":0}],[{"i":0,"mi":131},{"i":3,"mi":0},{"i":1,"mi":0},{"i":2,"mi":0}],[{"i":0,"mi":133},{"i":3,"mi":0},{"i":1,"mi":0},{"i":2,"mi":0}],[{"i":0,"mi":135},{"i":3,"mi":0},{"i":1,"mi":0},{"i":2,"mi":0}],[{"i":0,"mi":137},{"i":3,"mi":0},{"i":1,"mi":0},{"i":2,"mi":0}],[{"i":0,"mi":139},{"i":3,"mi":0},{"i":1,"mi":0},{"i":2,"mi":0}],[{"i":0,"mi":141},{"i":3,"mi":0},{"i":1,"mi":0},{"i":2,"mi":0}],[{"i":0,"mi":143},{"i":3,"mi":0},{"i":1,"mi":0},{"i":2,"mi":0}],[{"i":0,"mi":145},{"i":3,"mi":0},{"i":1,"mi":0},{"i":2,"mi":0}],[{"i":0,"mi":147},{"i":3,"mi":0},{"i":1,"mi":0},{"i":2,"mi":0}],[{"i":0,"mi":149},{"i":3,"mi":0},{"i":1,"mi":0},{"i":2,"mi":0}],[{"i":0,"mi":151},{"i":3,"mi":0},{"i":1,"mi":0},{"i":2,"mi":0}],[{"i":0,"mi":153},{"i":3,"mi":0},{"i":1,"mi":0},{"i":2,"mi":0}],[{"i":0,"mi":155},{"i":3,"mi":0},{"i":1,"mi":0},{"i":2,"mi":0}],[{"i":0,"mi":157},{"i":3,"mi":0},{"i":1,"mi":0},{"i":2,"mi":0}],[{"i":0,"mi":159},{"i":3,"mi":0},{"i":1,"mi":0},{"i":2,"mi":0}],[{"i":0,"mi":161},{"i":3,"mi":0},{"i":1,"mi":0},{"i":2,"mi":0}],[{"i":0,"mi":163},{"i":3,"mi":0},{"i":1,"mi":0},{"i":2,"mi":0}],[{"i":0,"mi":165},{"i":3,"mi":0},{"i":1,"mi":0},{"i":2,"mi":0}],[{"i":0,"mi":167},{"i":3,"mi":0},{"i":1,"mi":0},{"i":2,"mi":0}],[{"i":0,"mi":169},{"i":3,"mi":0},{"i":1,"mi":0},{"i":2,"mi":0}],[{"i":0,"mi":171},{"i":3,"mi":0},{"i":1,"mi":0},{"i":2,"mi":0}],[{"i":0,"mi":173},{"i":3,"mi":0},{"i":1,"mi":0},{"i":2,"mi":0}],[{"i":0,"mi":175},{"i":3,"mi":0},{"i":1,"mi":0},{"i":2,"mi":0}],[{"i":0,"mi":177},{"i":3,"mi":0},{"i":1,"mi":0},{"i":2,"mi":0}],[{"i":0,"mi":179},{"i":3,"mi":0},{"i":1,"mi":0},{"i":2,"mi":0}],[{"i":0,"mi":181},{"i":3,"mi":0},{"i":1,"mi":0},{"i":2,"mi":0}],[{"i":0,"mi":183},{"i":3,"mi":0},{"i":1,"mi":0},{"i":2,"mi":0}],[{"i":0,"mi":185},{"i":3,"mi":0},{"i":1,"mi":0},{"i":2,"mi":0}],[{"i":0,"mi":187},{"i":3,"mi":0},{"i":1,"mi":0},{"i":2,"mi":0}],[{"i":0,"mi":189},{"i":3,"mi":0},{"i":1,"mi":0},{"i":2,"mi":0}],[{"i":0,"mi":191},{"i":3,"mi":0},{"i":1,"mi":0},{"i":2,"mi":0}],[{"i":0,"mi":193},{"i":3,"mi":0},{"i":1,"mi":0},{"i":2,"mi":0}],[{"i":0,"mi":195},{"i":3,"mi":0},{"i":1,"mi":0},{"i":2,"mi":0}],[{"i":0,"mi":197},{"i":3,"mi":0},{"i":1,"mi":0},{"i":2,"mi":0}],[{"i":0,"mi":199},{"i":3,"mi":0},{"i":1,"mi":0},{"i":2,"mi":0}],[{"i":0,"mi":201},{"i":3,"mi":0},{"i":1,"mi":0},{"i":2,"mi":0}]],"t":3},null,null],"f":[[{"i":0,"mi":0},{"i":1,"mi":0}]],"t":3}],"t":2},"mm_fla.G_69":{"m":[1,0,0,1,0,0],"c":[{"m":[1,0,0,1,0,0],"c":[{"m":[1,0,0,1,0,0],"c":[{"m":[1,0,0,1,0,0],"c":[{"id":1,"m":[1,0,0,1,-57,-61.5],"t":1}],"t":2},null,null],"f":[[{"i":0,"mi":0}]],"t":3},null,null,null,null,null,null,null,null,null,null,null,null,null,null,null,null,null,null,null,null,null,null,null,null,null,null,null,null,null,null,null,null,null,null,null,null,null,null,null,null,null,null,null,null,null,null,null,null,null,null,null,null,null,null,null,null,null,null,null,null,null,null,{"m":[1,0,0,1,0,0],"c":[],"t":2},null,{"m":[1,0,0,1,0,0],"c":[],"t":2},null,{"m":[1,0,0,1,0,0],"c":[],"t":2},null,{"m":[1,0,0,1,0,0],"c":[],"t":2},null,{"m":[1,0,0,1,0,0],"c":[],"t":2},null,{"m":[1,0,0,1,0,0],"c":[],"t":2},null,{"m":[1,0,0,1,0,0],"c":[],"t":2},null,{"m":[1,0,0,1,0,0],"c":[],"t":2},null,{"m":[1,0,0,1,0,0],"c":[],"t":2},null,{"m":[1,0,0,1,0,0],"c":[],"t":2},null,{"m":[1,0,0,1,0,0],"c":[],"t":2},null,{"m":[1,0,0,1,0,0],"c":[],"t":2},null,{"m":[1,0,0,1,0,0],"c":[],"t":2},null,{"m":[1,0,0,1,0,0],"c":[],"t":2},null,{"m":[1,0,0,1,0,0],"c":[],"t":2},null,{"m":[1,0,0,1,0,0],"c":[],"t":2},null,{"m":[1,0,0,1,0,0],"c":[],"t":2},null,{"m":[1,0,0,1,0,0],"c":[],"t":2},null,{"m":[1,0,0,1,0,0],"c":[],"t":2},null,{"m":[1,0,0,1,0,0],"c":[],"t":2},null,null],"f":[[{"i":0,"mi":0}],[{"i":0,"mi":0}],[{"i":0,"mi":0}],[{"i":0,"mi":0}],[{"i":0,"mi":0}],[{"i":0,"mi":0}],[{"i":0,"mi":0}],[{"i":0,"mi":0}],[{"i":0,"mi":0}],[{"i":0,"mi":0}],[{"i":0,"mi":0}],[{"i":0,"mi":0}],[{"i":0,"mi":0}],[{"i":0,"mi":0}],[{"i":0,"mi":0}],[{"i":0,"mi":0}],[{"i":0,"mi":0}],[{"i":0,"mi":0}],[{"i":0,"mi":0}],[{"i":0,"mi":0}],[{"i":0,"mi":0}],[{"i":0,"mi":0}],[{"i":0,"mi":0}],[{"i":0,"mi":0}],[{"i":0,"mi":0}],[{"i":0,"mi":0}],[{"i":0,"mi":0}],[{"i":0,"mi":0}],[{"i":0,"mi":0}],[{"i":0,"mi":0}],[{"i":0,"mi":0}],[{"i":0,"mi":0}],[{"i":0,"mi":0}],[{"i":0,"mi":0}],[{"i":0,"mi":0}],[{"i":0,"mi":0}],[{"i":0,"mi":0}],[{"i":0,"mi":0}],[{"i":0,"mi":0}],[{"i":0,"mi":0}],[{"i":0,"mi":0}],[{"i":0,"mi":0}],[{"i":0,"mi":0}],[{"i":0,"mi":0}],[{"i":0,"mi":0}],[{"i":0,"mi":0}],[{"i":0,"mi":0}],[{"i":0,"mi":0}],[{"i":0,"mi":0}],[{"i":0,"mi":0}],[{"i":0,"mi":0}],[{"i":0,"mi":0}],[{"i":0,"mi":0}],[{"i":0,"mi":0}],[{"i":0,"mi":0}],[{"i":0,"mi":0}],[{"i":0,"mi":0}],[{"i":0,"mi":0}],[{"i":0,"mi":0}],[{"i":0,"mi":0}],[{"i":0,"mi":0}],[{"i":0,"mi":0}],[{"i":0,"mi":63}],[{"i":0,"mi":65}],[{"i":0,"mi":67}],[{"i":0,"mi":69}],[{"i":0,"mi":71}],[{"i":0,"mi":73}],[{"i":0,"mi":75}],[{"i":0,"mi":77}],[{"i":0,"mi":79}],[{"i":0,"mi":81}],[{"i":0,"mi":83}],[{"i":0,"mi":85}],[{"i":0,"mi":87}],[{"i":0,"mi":89}],[{"i":0,"mi":91}],[{"i":0,"mi":93}],[{"i":0,"mi":95}],[{"i":0,"mi":97}],[{"i":0,"mi":99}],[{"i":0,"mi":101}]],"t":3}],"t":2},"mm_fla.Timeline_95":{"m":[1,0,0,1,0,0],"c":[{"m":[1,0,0,1,0,0],"c":[{"m":[1,0,0,1,-0.05,0],"c":[{"m":[-1,0,0,1,31.3,0.5],"c":[{"id":17,"m":[1,0,0,1,-14.5,-44],"t":1}],"t":2},{"m":[-1,0,0,1,-31.2,0.5],"c":[{"id":17,"m":[1,0,0,1,-14.5,-44],"t":1}],"t":2},null,{"m":[1,0,0,1,0,0],"c":[{"id":19,"m":[1,0,0,1,-14.5,-44],"t":1}],"t":2},{"m":[1,0,0,1,0,0],"c":[{"id":19,"m":[1,0,0,1,-14.5,-44],"t":1}],"t":2},null,{"m":[1,0,0,1,0,0],"c":[{"id":21,"m":[1,0,0,1,-14.5,-44],"t":1}],"t":2},{"m":[1,0,0,1,0,0],"c":[{"id":21,"m":[1,0,0,1,-14.5,-44],"t":1}],"t":2},null,{"m":[1,0,0,1,0,0],"c":[{"id":23,"m":[1,0,0,1,-14.5,-44],"t":1}],"t":2},{"m":[1,0,0,1,0,0],"c":[{"id":23,"m":[1,0,0,1,-14.5,-44],"t":1}],"t":2},null,{"m":[1,0,0,1,0,0],"c":[{"id":25,"m":[1,0,0,1,-14.5,-44],"t":1}],"t":2},{"m":[1,0,0,1,0,0],"c":[{"id":25,"m":[1,0,0,1,-14.5,-44],"t":1}],"t":2},null,{"m":[1,0,0,1,0,0],"c":[{"id":17,"m":[1,0,0,1,-14.5,-44],"t":1}],"t":2},{"m":[1,0,0,1,0,0],"c":[{"id":17,"m":[1,0,0,1,-14.5,-44],"t":1}],"t":2},null,null,{"m":[1,0,0,1,0,0],"c":[{"id":19,"m":[1,0,0,1,-14.5,-44],"t":1}],"t":2},{"m":[1,0,0,1,0,0],"c":[{"id":19,"m":[1,0,0,1,-14.5,-44],"t":1}],"t":2},null,{"m":[1,0,0,1,0,0],"c":[{"id":21,"m":[1,0,0,1,-14.5,-44],"t":1}],"t":2},{"m":[1,0,0,1,0,0],"c":[{"id":21,"m":[1,0,0,1,-14.5,-44],"t":1}],"t":2},null,{"m":[1,0,0,1,0,0],"c":[{"id":23,"m":[1,0,0,1,-14.5,-44],"t":1}],"t":2},{"m":[1,0,0,1,0,0],"c":[{"id":23,"m":[1,0,0,1,-14.5,-44],"t":1}],"t":2},null,{"m":[1,0,0,1,0,0],"c":[{"id":25,"m":[1,0,0,1,-14.5,-44],"t":1}],"t":2},{"m":[1,0,0,1,0,0],"c":[{"id":25,"m":[1,0,0,1,-14.5,-44],"t":1}],"t":2},null,{"m":[1,0,0,1,0,0],"c":[{"id":17,"m":[1,0,0,1,-14.5,-44],"t":1}],"t":2},{"m":[1,0,0,1,0,0],"c":[{"id":17,"m":[1,0,0,1,-14.5,-44],"t":1}],"t":2},null,null,{"m":[1,0,0,1,0,0],"c":[{"id":19,"m":[1,0,0,1,-14.5,-44],"t":1}],"t":2},{"m":[1,0,0,1,0,0],"c":[{"id":19,"m":[1,0,0,1,-14.5,-44],"t":1}],"t":2},null,{"m":[1,0,0,1,0,0],"c":[{"id":21,"m":[1,0,0,1,-14.5,-44],"t":1}],"t":2},{"m":[1,0,0,1,0,0],"c":[{"id":21,"m":[1,0,0,1,-14.5,-44],"t":1}],"t":2},null,{"m":[1,0,0,1,0,0],"c":[{"id":23,"m":[1,0,0,1,-14.5,-44],"t":1}],"t":2},{"m":[1,0,0,1,0,0],"c":[{"id":23,"m":[1,0,0,1,-14.5,-44],"t":1}],"t":2},null,{"m":[1,0,0,1,0,0],"c":[{"id":25,"m":[1,0,0,1,-14.5,-44],"t":1}],"t":2},{"m":[1,0,0,1,0,0],"c":[{"id":25,"m":[1,0,0,1,-14.5,-44],"t":1}],"t":2},null,{"m":[1,0,0,1,0,0],"c":[{"id":17,"m":[1,0,0,1,-14.5,-44],"t":1}],"t":2},{"m":[1,0,0,1,0,0],"c":[{"id":17,"m":[1,0,0,1,-14.5,-44],"t":1}],"t":2},null,null,{"m":[1,0,0,1,0,0],"c":[{"id":19,"m":[1,0,0,1,-14.5,-44],"t":1}],"t":2},{"m":[1,0,0,1,0,0],"c":[{"id":19,"m":[1,0,0,1,-14.5,-44],"t":1}],"t":2},null,{"m":[1,0,0,1,0,0],"c":[{"id":21,"m":[1,0,0,1,-14.5,-44],"t":1}],"t":2},{"m":[1,0,0,1,0,0],"c":[{"id":21,"m":[1,0,0,1,-14.5,-44],"t":1}],"t":2},null,{"m":[1,0,0,1,0,0],"c":[{"id":23,"m":[1,0,0,1,-14.5,-44],"t":1}],"t":2},{"m":[1,0,0,1,0,0],"c":[{"id":23,"m":[1,0,0,1,-14.5,-44],"t":1}],"t":2},null,{"m":[1,0,0,1,0,0],"c":[{"id":25,"m":[1,0,0,1,-14.5,-44],"t":1}],"t":2},{"m":[1,0,0,1,0,0],"c":[{"id":25,"m":[1,0,0,1,-14.5,-44],"t":1}],"t":2},null,{"m":[1,0,0,1,0,0],"c":[{"id":17,"m":[1,0,0,1,-14.5,-44],"t":1}],"t":2},{"m":[1,0,0,1,0,0],"c":[{"id":17,"m":[1,0,0,1,-14.5,-44],"t":1}],"t":2},null,null,{"m":[1,0,0,1,0,0],"c":[{"id":19,"m":[1,0,0,1,-14.5,-44],"t":1}],"t":2},{"m":[1,0,0,1,0,0],"c":[{"id":19,"m":[1,0,0,1,-14.5,-44],"t":1}],"t":2},null,{"m":[1,0,0,1,0,0],"c":[{"id":21,"m":[1,0,0,1,-14.5,-44],"t":1}],"t":2},{"m":[1,0,0,1,0,0],"c":[{"id":21,"m":[1,0,0,1,-14.5,-44],"t":1}],"t":2},null,{"m":[1,0,0,1,0,0],"c":[{"id":23,"m":[1,0,0,1,-14.5,-44],"t":1}],"t":2},{"m":[1,0,0,1,0,0],"c":[{"id":23,"m":[1,0,0,1,-14.5,-44],"t":1}],"t":2},null,{"m":[1,0,0,1,0,0],"c":[{"id":25,"m":[1,0,0,1,-14.5,-44],"t":1}],"t":2},{"m":[1,0,0,1,0,0],"c":[{"id":25,"m":[1,0,0,1,-14.5,-44],"t":1}],"t":2},null,{"m":[1,0,0,1,0,0],"c":[{"id":17,"m":[1,0,0,1,-14.5,-44],"t":1}],"t":2},{"m":[1,0,0,1,0,0],"c":[{"id":17,"m":[1,0,0,1,-14.5,-44],"t":1}],"t":2},null,null,{"m":[1,0,0,1,0,0],"c":[{"id":19,"m":[1,0,0,1,-14.5,-44],"t":1}],"t":2},{"m":[1,0,0,1,0,0],"c":[{"id":19,"m":[1,0,0,1,-14.5,-44],"t":1}],"t":2},null,{"m":[1,0,0,1,0,0],"c":[{"id":21,"m":[1,0,0,1,-14.5,-44],"t":1}],"t":2},{"m":[1,0,0,1,0,0],"c":[{"id":21,"m":[1,0,0,1,-14.5,-44],"t":1}],"t":2},null,{"m":[1,0,0,1,0,0],"c":[{"id":23,"m":[1,0,0,1,-14.5,-44],"t":1}],"t":2},{"m":[1,0,0,1,0,0],"c":[{"id":23,"m":[1,0,0,1,-14.5,-44],"t":1}],"t":2},null,{"m":[1,0,0,1,0,0],"c":[{"id":25,"m":[1,0,0,1,-14.5,-44],"t":1}],"t":2},{"m":[1,0,0,1,0,0],"c":[{"id":25,"m":[1,0,0,1,-14.5,-44],"t":1}],"t":2},null,{"m":[1,0,0,1,0,0],"c":[{"id":17,"m":[1,0,0,1,-14.5,-44],"t":1}],"t":2},{"m":[1,0,0,1,0,0],"c":[{"id":17,"m":[1,0,0,1,-14.5,-44],"t":1}],"t":2},null,null,null],"f":[[{"i":0,"mi":0},{"i":1,"mi":0}],[{"i":3,"mi":0},{"i":4,"mi":0}],[{"i":6,"mi":0},{"i":7,"mi":0}],[{"i":9,"mi":0},{"i":10,"mi":0}],[{"i":12,"mi":0},{"i":13,"mi":0}],[{"i":15,"mi":0},{"i":16,"mi":0}],[{"i":15,"mi":0},{"i":16,"mi":0}],[{"i":19,"mi":0},{"i":20,"mi":0}],[{"i":22,"mi":0},{"i":23,"mi":0}],[{"i":25,"mi":0},{"i":26,"mi":0}],[{"i":28,"mi":0},{"i":29,"mi":0}],[{"i":31,"mi":0},{"i":32,"mi":0}],[{"i":31,"mi":0},{"i":32,"mi":0}],[{"i":35,"mi":0},{"i":36,"mi":0}],[{"i":38,"mi":0},{"i":39,"mi":0}],[{"i":41,"mi":0},{"i":42,"mi":0}],[{"i":44,"mi":0},{"i":45,"mi":0}],[{"i":47,"mi":0},{"i":48,"mi":0}],[{"i":47,"mi":0},{"i":48,"mi":0}],[{"i":51,"mi":0},{"i":52,"mi":0}],[{"i":54,"mi":0},{"i":55,"mi":0}],[{"i":57,"mi":0},{"i":58,"mi":0}],[{"i":60,"mi":0},{"i":61,"mi":0}],[{"i":63,"mi":0},{"i":64,"mi":0}],[{"i":63,"mi":0},{"i":64,"mi":0}],[{"i":67,"mi":0},{"i":68,"mi":0}],[{"i":70,"mi":0},{"i":71,"mi":0}],[{"i":73,"mi":0},{"i":74,"mi":0}],[{"i":76,"mi":0},{"i":77,"mi":0}],[{"i":79,"mi":0},{"i":80,"mi":0}],[{"i":79,"mi":0},{"i":80,"mi":0}],[{"i":83,"mi":0},{"i":84,"mi":0}],[{"i":86,"mi":0},{"i":87,"mi":0}],[{"i":89,"mi":0},{"i":90,"mi":0}],[{"i":92,"mi":0},{"i":93,"mi":0}],[{"i":95,"mi":0},{"i":96,"mi":0}],[{"i":95,"mi":0},{"i":96,"mi":0}]],"t":3},{"m":[0.999298095703125,0,0,1.0000457763671875,0,0],"c":[{"m":[1,0,0,1,0,0],"c":[{"id":5,"m":[1,0,0,1,-40,-46],"t":1}],"t":2},{"m":[1,0,0,1,0,-46.15],"c":[{"id":7,"m":[1.019287109375,0,0,1,-16.3,-15.5],"t":1}],"t":2},{"m":[0.68060302734375,0,0,0.68060302734375,0.25,-62.6],"c":[null,null],"f":[[]],"t":3},{"m":[0.68060302734375,0,0,0.68060302734375,0.25,-76.2],"c":[null,null],"f":[[]],"t":3},null,null,{"m":[1,0,0,1,0,13],"c":[],"t":2},{"m":[1,0,0,1,0,-27.65],"c":[],"t":2},{"m":[-1.0009613037109375,0,0,-1,1.2,-87.35],"c":[{"m":[1,0,0,1,-0.05,0],"c":[{"id":10,"m":[0.9989570379257202,0,0,0.9993904232978821,-23.9,-41.1],"t":1}],"t":2},null,null],"f":[[{"i":0,"mi":0}]],"t":3},null,{"m":[1,0,0,1,0,11.2],"c":[],"t":2},{"m":[1,0,0,1,0,-29.45],"c":[],"t":2},null,null,{"m":[1,0,0,1,0,9.4],"c":[],"t":2},{"m":[1.0000152587890625,0,0,1,0,-31.25],"c":[],"t":2},null,{"m":[1,0,0,1,0,7.55],"c":[],"t":2},{"m":[1.0000152587890625,0,0,1,0,-33.1],"c":[],"t":2},{"m":[1.0009613037109375,0,0,1,-0.4,-61.25],"c":[{"m":[1,0,0,1,0,0],"c":[{"id":13,"m":[1,0,0,1,-22.9,-23.4],"t":1}],"t":2},null,null],"f":[[{"i":0,"mi":0}]],"t":3},null,{"m":[1,0,0,1,0,5.75],"c":[],"t":2},{"m":[1.0000152587890625,0,0,1,0,-34.9],"c":[],"t":2},{"m":[1.0009613037109375,0,0,1,-13.9,-72.15],"c":[{"m":[1,0,0,1,0,0],"c":[{"id":13,"m":[1,0,0,1,-22.9,-23.4],"t":1}],"t":2},null,null],"f":[[{"i":0,"mi":0}]],"t":3},{"m":[1.0009613037109375,0,0,1,-1.7,-63.4],"c":[],"t":2},null,{"m":[1,0,0,1,0,3.95],"c":[],"t":2},{"m":[1.000030517578125,0,0,1,0,-39.45],"c":[],"t":2},{"m":[1.0009613037109375,0,0,1,-15.6,-73.85],"c":[],"t":2},{"m":[1.0009613037109375,0,0,1,-3.05,-65.55],"c":[],"t":2},null,{"m":[1,0,0,1,0,0],"c":[],"t":2},{"m":[1.0000457763671875,0,0,1,-0.05,-44],"c":[],"t":2},{"m":[1.0009613037109375,0,0,1,-17.25,-75.5],"c":[],"t":2},{"m":[1.0009613037109375,0,0,1,-4.35,-67.7],"c":[],"t":2},{"m":[1.0009613037109375,0,0,1,-3.35,-66.3],"c":[{"m":[1,0,0,1,0,0],"c":[{"id":13,"m":[1,0,0,1,-22.9,-23.4],"t":1}],"t":2},null,null],"f":[[{"i":0,"mi":0}]],"t":3},null,{"m":[1.0000457763671875,0,0,1,-0.05,-44.45],"c":[],"t":2},{"m":[1.0009613037109375,0,0,1,-18.95,-77.2],"c":[],"t":2},{"m":[1.0009613037109375,0,0,1,-5.7,-69.85],"c":[],"t":2},{"m":[1.0009613037109375,0,0,1,-4.15,-66.55],"c":[],"t":2},null,{"m":[1.000030517578125,0,0,1,-0.05,-44.95],"c":[],"t":2},{"m":[1.0009613037109375,0,0,1,-20.6,-78.9],"c":[],"t":2},{"m":[1.0009613037109375,0,0,1,-7,-72],"c":[],"t":2},{"m":[1.0009613037109375,0,0,1,-5,-66.85],"c":[],"t":2},null,{"m":[1,0,0,1,0,-46.15],"c":[],"t":2},{"m":[1.0009613037109375,0,0,1,-22.3,-80.55],"c":[],"t":2},{"m":[1.0009613037109375,0,0,1,-8.35,-74.15],"c":[],"t":2},{"m":[1.0009613037109375,0,0,1,-5.8,-67.1],"c":[],"t":2},null,{"m":[1.0009613037109375,0,0,1,-24,-82.25],"c":[],"t":2},{"m":[1.0009613037109375,0,0,1,-9.65,-76.3],"c":[],"t":2},{"m":[1.0009613037109375,0,0,1,-6.65,-67.35],"c":[],"t":2},null,{"m":[1.0009613037109375,0,0,1,-25.65,-83.95],"c":[],"t":2},{"m":[1.0009613037109375,0,0,1,-10.95,-78.5],"c":[],"t":2},{"m":[1.0009613037109375,0,0,1,-7.45,-67.65],"c":[],"t":2},null,{"m":[1.0009613037109375,0,0,1,-27.35,-85.65],"c":[],"t":2},{"m":[1.0009613037109375,0,0,1,-12.3,-80.65],"c":[],"t":2},{"m":[1.0009613037109375,0,0,1,-8.3,-67.9],"c":[],"t":2},null,{"m":[1.0009613037109375,0,0,1,-29,-87.3],"c":[],"t":2},{"m":[1.0009613037109375,0,0,1,-13.6,-82.8],"c":[],"t":2},{"m":[1.0009613037109375,0,0,1,-9.1,-68.15],"c":[],"t":2},null,{"m":[1.0009613037109375,0,0,1,-30.7,-89],"c":[],"t":2},{"m":[1.0009613037109375,0,0,1,-14.95,-84.95],"c":[],"t":2},{"m":[1.0009613037109375,0,0,1,-9.95,-68.45],"c":[],"t":2},null,{"m":[1.0009613037109375,0,0,1,-30.85,-88.1],"c":[],"t":2},{"m":[1.0009613037109375,0,0,1,-16.25,-87.1],"c":[],"t":2},{"m":[1.0009613037109375,0,0,1,-10.75,-68.7],"c":[],"t":2},null,{"m":[1.0009613037109375,0,0,1,-31,-87.2],"c":[],"t":2},{"m":[1.0009613037109375,0,0,1,-17.6,-89.25],"c":[],"t":2},{"m":[1.0009613037109375,0,0,1,-11.6,-68.95],"c":[],"t":2},null,{"m":[1.0009613037109375,0,0,1,-31.15,-86.25],"c":[],"t":2},{"m":[1.0009613037109375,0,0,1,-18.9,-91.4],"c":[],"t":2},{"m":[1.0009613037109375,0,0,1,-12.4,-69.25],"c":[],"t":2},null,{"m":[1.0009613037109375,0,0,1,-31.3,-85.35],"c":[],"t":2},{"m":[1.0009613037109375,0,0,1,-18.9,-90.25],"c":[],"t":2},{"m":[1.0009613037109375,0,0,1,-13.25,-69.5],"c":[],"t":2},null,{"m":[1.0009613037109375,0,0,1,-31.45,-84.45],"c":[],"t":2},{"m":[1.0009613037109375,0,0,1,-18.9,-89.1],"c":[],"t":2},{"m":[1.0009613037109375,0,0,1,-14.05,-69.75],"c":[],"t":2},null,{"m":[1.0009613037109375,0,0,1,-31.6,-83.55],"c":[],"t":2},{"m":[1.0009613037109375,0,0,1,-18.9,-87.95],"c":[],"t":2},{"m":[1.0009613037109375,0,0,1,-14.9,-70],"c":[],"t":2},null,{"m":[1.0009613037109375,0,0,1,-31.75,-82.6],"c":[],"t":2},{"m":[1.0009613037109375,0,0,1,-18.9,-86.85],"c":[],"t":2},{"m":[1.0009613037109375,0,0,1,-15.7,-70.3],"c":[],"t":2},null,{"m":[1.0009613037109375,0,0,1,-31.9,-81.7],"c":[],"t":2},{"m":[1.0009613037109375,0,0,1,-18.9,-85.7],"c":[],"t":2},{"m":[1.0009613037109375,0,0,1,-16.55,-70.55],"c":[],"t":2},null,{"m":[1.0009613037109375,0,0,1,-32,-80.8],"c":[],"t":2},{"m":[1.0009613037109375,0,0,1,-18.9,-84.55],"c":[],"t":2},{"m":[1.0009613037109375,0,0,1,-17.35,-70.8],"c":[],"t":2},null,{"m":[1.0009613037109375,0,0,1,-32.15,-79.9],"c":[],"t":2},{"m":[1.0009613037109375,0,0,1,-18.9,-83.4],"c":[],"t":2},{"m":[1.0009613037109375,0,0,1,-18.2,-71.1],"c":[],"t":2},null,{"m":[1.0009613037109375,0,0,1,-32.3,-78.95],"c":[],"t":2},{"m":[1.0009613037109375,0,0,1,-18.9,-82.25],"c":[],"t":2},{"m":[1.0009613037109375,0,0,1,-19,-71.35],"c":[],"t":2},null,{"m":[1.0009613037109375,0,0,1,-32.45,-78.05],"c":[],"t":2},{"m":[1.0009613037109375,0,0,1,-18.9,-81.1],"c":[],"t":2},{"m":[1.0009613037109375,0,0,1,-19.85,-71.6],"c":[],"t":2},null,{"m":[1.0009613037109375,0,0,1,-32.6,-77.15],"c":[],"t":2},{"m":[1.0009613037109375,0,0,1,-18.9,-79.95],"c":[],"t":2},{"m":[1.0009613037109375,0,0,1,-20.65,-71.9],"c":[],"t":2},null,{"m":[1.0009613037109375,0,0,1,-32.75,-76.25],"c":[],"t":2},{"m":[1.0009613037109375,0,0,1,-18.9,-78.85],"c":[],"t":2},{"m":[1.0009613037109375,0,0,1,-21.5,-72.15],"c":[],"t":2},null,{"m":[1.0009613037109375,0,0,1,-32.9,-75.3],"c":[],"t":2},{"m":[1.0009613037109375,0,0,1,-18.9,-77.7],"c":[],"t":2},{"m":[1.0009613037109375,0,0,1,-22.3,-72.4],"c":[],"t":2},null,{"m":[1.0009613037109375,0,0,1,-33.05,-74.4],"c":[],"t":2},{"m":[1.0009613037109375,0,0,1,-18.9,-76.55],"c":[],"t":2},{"m":[1.0009613037109375,0,0,1,-23.15,-72.7],"c":[],"t":2},null,{"m":[1.0009613037109375,0,0,1,-33.2,-73.5],"c":[],"t":2},{"m":[1.0009613037109375,0,0,1,-18.9,-75.4],"c":[],"t":2},{"m":[1.0009613037109375,0,0,1,-23.95,-72.95],"c":[],"t":2},null,null,null,null,null,null,null,null,null,null,null,null,null,null,null,null,null,null,null,null,null,null],"f":[[{"i":2,"mi":0},{"i":0,"mi":0},{"i":1,"mi":0},{"i":3,"mi":0}],[{"i":2,"mi":0},{"i":0,"mi":6},{"i":1,"mi":7},{"i":3,"mi":0},{"i":8,"mi":0}],[{"i":2,"mi":0},{"i":0,"mi":10},{"i":1,"mi":11},{"i":3,"mi":0},{"i":8,"mi":0}],[{"i":2,"mi":0},{"i":0,"mi":14},{"i":1,"mi":15},{"i":3,"mi":0}],[{"i":2,"mi":0},{"i":0,"mi":17},{"i":1,"mi":18},{"i":3,"mi":0},{"i":19,"mi":0}],[{"i":0,"mi":21},{"i":1,"mi":22},{"i":23,"mi":0},{"i":19,"mi":24},{"i":2,"mi":0},{"i":3,"mi":0}],[{"i":0,"mi":26},{"i":1,"mi":27},{"i":23,"mi":28},{"i":19,"mi":29},{"i":2,"mi":0},{"i":3,"mi":0}],[{"i":0,"mi":31},{"i":1,"mi":32},{"i":23,"mi":33},{"i":19,"mi":34},{"i":35,"mi":0},{"i":2,"mi":0},{"i":3,"mi":0}],[{"i":0,"mi":31},{"i":1,"mi":37},{"i":23,"mi":38},{"i":19,"mi":39},{"i":35,"mi":40},{"i":2,"mi":0},{"i":3,"mi":0}],[{"i":0,"mi":31},{"i":1,"mi":42},{"i":23,"mi":43},{"i":19,"mi":44},{"i":35,"mi":45},{"i":2,"mi":0},{"i":3,"mi":0}],[{"i":0,"mi":31},{"i":1,"mi":47},{"i":23,"mi":48},{"i":19,"mi":49},{"i":35,"mi":50},{"i":2,"mi":0},{"i":3,"mi":0}],[{"i":0,"mi":31},{"i":1,"mi":47},{"i":23,"mi":52},{"i":19,"mi":53},{"i":35,"mi":54},{"i":2,"mi":0},{"i":3,"mi":0}],[{"i":0,"mi":31},{"i":1,"mi":47},{"i":23,"mi":56},{"i":19,"mi":57},{"i":35,"mi":58},{"i":2,"mi":0},{"i":3,"mi":0}],[{"i":0,"mi":31},{"i":1,"mi":47},{"i":23,"mi":60},{"i":19,"mi":61},{"i":35,"mi":62},{"i":2,"mi":0},{"i":3,"mi":0}],[{"i":0,"mi":31},{"i":1,"mi":47},{"i":23,"mi":64},{"i":19,"mi":65},{"i":35,"mi":66},{"i":2,"mi":0},{"i":3,"mi":0}],[{"i":0,"mi":31},{"i":1,"mi":47},{"i":23,"mi":68},{"i":19,"mi":69},{"i":35,"mi":70},{"i":2,"mi":0},{"i":3,"mi":0}],[{"i":0,"mi":31},{"i":1,"mi":47},{"i":23,"mi":72},{"i":19,"mi":73},{"i":35,"mi":74},{"i":2,"mi":0},{"i":3,"mi":0}],[{"i":0,"mi":31},{"i":1,"mi":47},{"i":23,"mi":76},{"i":19,"mi":77},{"i":35,"mi":78},{"i":2,"mi":0},{"i":3,"mi":0}],[{"i":0,"mi":31},{"i":1,"mi":47},{"i":23,"mi":80},{"i":19,"mi":81},{"i":35,"mi":82},{"i":2,"mi":0},{"i":3,"mi":0}],[{"i":0,"mi":31},{"i":1,"mi":47},{"i":23,"mi":84},{"i":19,"mi":85},{"i":35,"mi":86},{"i":2,"mi":0},{"i":3,"mi":0}],[{"i":0,"mi":31},{"i":1,"mi":47},{"i":23,"mi":88},{"i":19,"mi":89},{"i":35,"mi":90},{"i":2,"mi":0},{"i":3,"mi":0}],[{"i":0,"mi":31},{"i":1,"mi":47},{"i":23,"mi":92},{"i":19,"mi":93},{"i":35,"mi":94},{"i":2,"mi":0},{"i":3,"mi":0}],[{"i":0,"mi":31},{"i":1,"mi":47},{"i":23,"mi":96},{"i":19,"mi":97},{"i":35,"mi":98},{"i":2,"mi":0},{"i":3,"mi":0}],[{"i":0,"mi":31},{"i":1,"mi":47},{"i":23,"mi":100},{"i":19,"mi":101},{"i":35,"mi":102},{"i":2,"mi":0},{"i":3,"mi":0}],[{"i":0,"mi":31},{"i":1,"mi":47},{"i":23,"mi":104},{"i":19,"mi":105},{"i":35,"mi":106},{"i":2,"mi":0},{"i":3,"mi":0}],[{"i":0,"mi":31},{"i":1,"mi":47},{"i":23,"mi":108},{"i":19,"mi":109},{"i":35,"mi":110},{"i":2,"mi":0},{"i":3,"mi":0}],[{"i":0,"mi":31},{"i":1,"mi":47},{"i":23,"mi":112},{"i":19,"mi":113},{"i":35,"mi":114},{"i":2,"mi":0},{"i":3,"mi":0}],[{"i":0,"mi":31},{"i":1,"mi":47},{"i":23,"mi":116},{"i":19,"mi":117},{"i":35,"mi":118},{"i":2,"mi":0},{"i":3,"mi":0}],[{"i":0,"mi":31},{"i":1,"mi":47},{"i":23,"mi":120},{"i":19,"mi":121},{"i":35,"mi":122},{"i":2,"mi":0},{"i":3,"mi":0}],[{"i":0,"mi":31},{"i":1,"mi":47},{"i":23,"mi":124},{"i":19,"mi":125},{"i":35,"mi":126},{"i":2,"mi":0},{"i":3,"mi":0}],[{"i":0,"mi":31},{"i":1,"mi":47},{"i":23,"mi":128},{"i":19,"mi":129},{"i":35,"mi":130},{"i":2,"mi":0},{"i":3,"mi":0}],[{"i":0,"mi":31},{"i":1,"mi":47},{"i":23,"mi":132},{"i":19,"mi":133},{"i":35,"mi":134},{"i":2,"mi":0},{"i":3,"mi":0}],[{"i":0,"mi":31},{"i":1,"mi":47},{"i":23,"mi":136},{"i":19,"mi":137},{"i":35,"mi":138},{"i":2,"mi":0},{"i":3,"mi":0}],[{"i":0,"mi":31},{"i":1,"mi":47},{"i":2,"mi":0},{"i":3,"mi":0}],[{"i":2,"mi":0},{"i":0,"mi":31},{"i":1,"mi":47},{"i":3,"mi":0}],[{"i":2,"mi":0},{"i":0,"mi":31},{"i":1,"mi":47},{"i":3,"mi":0}],[{"i":2,"mi":0},{"i":0,"mi":31},{"i":1,"mi":47},{"i":3,"mi":0}],[{"i":2,"mi":0},{"i":0,"mi":31},{"i":1,"mi":47},{"i":3,"mi":0}],[{"i":2,"mi":0},{"i":0,"mi":31},{"i":1,"mi":47},{"i":3,"mi":0}],[{"i":2,"mi":0},{"i":0,"mi":31},{"i":1,"mi":47},{"i":3,"mi":0}],[{"i":2,"mi":0},{"i":0,"mi":31},{"i":1,"mi":47},{"i":3,"mi":0}],[{"i":2,"mi":0},{"i":0,"mi":31},{"i":1,"mi":47},{"i":3,"mi":0}],[{"i":2,"mi":0},{"i":0,"mi":31},{"i":1,"mi":47},{"i":3,"mi":0}],[{"i":2,"mi":0},{"i":0,"mi":31},{"i":1,"mi":47},{"i":3,"mi":0}],[{"i":2,"mi":0},{"i":0,"mi":31},{"i":1,"mi":47},{"i":3,"mi":0}],[{"i":2,"mi":0},{"i":0,"mi":31},{"i":1,"mi":47},{"i":3,"mi":0}],[{"i":2,"mi":0},{"i":0,"mi":31},{"i":1,"mi":47},{"i":3,"mi":0}],[{"i":2,"mi":0},{"i":0,"mi":31},{"i":1,"mi":47},{"i":3,"mi":0}],[{"i":2,"mi":0},{"i":0,"mi":31},{"i":1,"mi":47},{"i":3,"mi":0}],[{"i":2,"mi":0},{"i":0,"mi":31},{"i":1,"mi":47},{"i":3,"mi":0}]],"t":3},null,null,null,null,null,{"m":[1,0,0,1,0,0],"c":[{"m":[1,0,0,1,0,0],"c":[{"m":[1,0,0,1,0,0],"c":[{"id":1,"m":[1,0,0,1,-57,-61.5],"t":1}],"t":2},null,null],"f":[[{"i":0,"mi":0}]],"t":3},null,null,null,null,null,null,null,null,null,null,null,null,null,null,null,null,null,null,null,null,null,null,null,null,null,null,null,null,null,null,null,null,null,null,null,null,null,null,null,null,null,null,null,null,null,null,null,null,null,null,null,null,null,null,null,null,null,null,null,null,null,null,{"m":[1,0,0,1,0,0],"c":[],"t":2},null,{"m":[1,0,0,1,0,0],"c":[],"t":2},null,{"m":[1,0,0,1,0,0],"c":[],"t":2},null,{"m":[1,0,0,1,0,0],"c":[],"t":2},null,{"m":[1,0,0,1,0,0],"c":[],"t":2},null,{"m":[1,0,0,1,0,0],"c":[],"t":2},null,{"m":[1,0,0,1,0,0],"c":[],"t":2},null,{"m":[1,0,0,1,0,0],"c":[],"t":2},null,{"m":[1,0,0,1,0,0],"c":[],"t":2},null,{"m":[1,0,0,1,0,0],"c":[],"t":2},null,{"m":[1,0,0,1,0,0],"c":[],"t":2},null,{"m":[1,0,0,1,0,0],"c":[],"t":2},null,{"m":[1,0,0,1,0,0],"c":[],"t":2},null,{"m":[1,0,0,1,0,0],"c":[],"t":2},null,{"m":[1,0,0,1,0,0],"c":[],"t":2},null,{"m":[1,0,0,1,0,0],"c":[],"t":2},null,{"m":[1,0,0,1,0,0],"c":[],"t":2},null,{"m":[1,0,0,1,0,0],"c":[],"t":2},null,{"m":[1,0,0,1,0,0],"c":[],"t":2},null,{"m":[1,0,0,1,0,0],"c":[],"t":2},null,null],"f":[[{"i":0,"mi":0}],[{"i":0,"mi":0}],[{"i":0,"mi":0}],[{"i":0,"mi":0}],[{"i":0,"mi":0}],[{"i":0,"mi":0}],[{"i":0,"mi":0}],[{"i":0,"mi":0}],[{"i":0,"mi":0}],[{"i":0,"mi":0}],[{"i":0,"mi":0}],[{"i":0,"mi":0}],[{"i":0,"mi":0}],[{"i":0,"mi":0}],[{"i":0,"mi":0}],[{"i":0,"mi":0}],[{"i":0,"mi":0}],[{"i":0,"mi":0}],[{"i":0,"mi":0}],[{"i":0,"mi":0}],[{"i":0,"mi":0}],[{"i":0,"mi":0}],[{"i":0,"mi":0}],[{"i":0,"mi":0}],[{"i":0,"mi":0}],[{"i":0,"mi":0}],[{"i":0,"mi":0}],[{"i":0,"mi":0}],[{"i":0,"mi":0}],[{"i":0,"mi":0}],[{"i":0,"mi":0}],[{"i":0,"mi":0}],[{"i":0,"mi":0}],[{"i":0,"mi":0}],[{"i":0,"mi":0}],[{"i":0,"mi":0}],[{"i":0,"mi":0}],[{"i":0,"mi":0}],[{"i":0,"mi":0}],[{"i":0,"mi":0}],[{"i":0,"mi":0}],[{"i":0,"mi":0}],[{"i":0,"mi":0}],[{"i":0,"mi":0}],[{"i":0,"mi":0}],[{"i":0,"mi":0}],[{"i":0,"mi":0}],[{"i":0,"mi":0}],[{"i":0,"mi":0}],[{"i":0,"mi":0}],[{"i":0,"mi":0}],[{"i":0,"mi":0}],[{"i":0,"mi":0}],[{"i":0,"mi":0}],[{"i":0,"mi":0}],[{"i":0,"mi":0}],[{"i":0,"mi":0}],[{"i":0,"mi":0}],[{"i":0,"mi":0}],[{"i":0,"mi":0}],[{"i":0,"mi":0}],[{"i":0,"mi":0}],[{"i":0,"mi":63}],[{"i":0,"mi":65}],[{"i":0,"mi":67}],[{"i":0,"mi":69}],[{"i":0,"mi":71}],[{"i":0,"mi":73}],[{"i":0,"mi":75}],[{"i":0,"mi":77}],[{"i":0,"mi":79}],[{"i":0,"mi":81}],[{"i":0,"mi":83}],[{"i":0,"mi":85}],[{"i":0,"mi":87}],[{"i":0,"mi":89}],[{"i":0,"mi":91}],[{"i":0,"mi":93}],[{"i":0,"mi":95}],[{"i":0,"mi":97}],[{"i":0,"mi":99}],[{"i":0,"mi":101}]],"t":3},null,null],"f":[[{"i":1,"mi":0},{"i":0,"mi":0}],[{"i":1,"mi":0},{"i":0,"mi":0}],[{"i":1,"mi":0},{"i":0,"mi":0}],[{"i":7,"mi":0}]],"t":3}],"t":2},"mm_fla.G_97":{"m":[1,0,0,1,0,0],"c":[{"m":[1,0,0,1,0,0],"c":[{"m":[1,0,0,1,0,0],"c":[{"id":5,"m":[1,0,0,1,-40,-46],"t":1}],"t":2},{"m":[1,0,0,1,0,-46.15],"c":[{"id":7,"m":[1.019287109375,0,0,1,-16.3,-15.5],"t":1}],"t":2},{"m":[0.68060302734375,0,0,0.68060302734375,0.25,-62.6],"c":[null,null],"f":[[]],"t":3},{"m":[0.68060302734375,0,0,0.68060302734375,0.25,-76.2],"c":[null,null],"f":[[]],"t":3},null,null,{"m":[1,0,0,1,0,13],"c":[],"t":2},{"m":[1,0,0,1,0,-27.65],"c":[],"t":2},{"m":[-1.0009613037109375,0,0,-1,1.2,-87.35],"c":[{"m":[1,0,0,1,-0.05,0],"c":[{"id":10,"m":[0.9989570379257202,0,0,0.9993904232978821,-23.9,-41.1],"t":1}],"t":2},null,null],"f":[[{"i":0,"mi":0}]],"t":3},null,{"m":[1,0,0,1,0,11.2],"c":[],"t":2},{"m":[1,0,0,1,0,-29.45],"c":[],"t":2},null,null,{"m":[1,0,0,1,0,9.4],"c":[],"t":2},{"m":[1.0000152587890625,0,0,1,0,-31.25],"c":[],"t":2},null,{"m":[1,0,0,1,0,7.55],"c":[],"t":2},{"m":[1.0000152587890625,0,0,1,0,-33.1],"c":[],"t":2},{"m":[1.0009613037109375,0,0,1,-0.4,-61.25],"c":[{"m":[1,0,0,1,0,0],"c":[{"id":13,"m":[1,0,0,1,-22.9,-23.4],"t":1}],"t":2},null,null],"f":[[{"i":0,"mi":0}]],"t":3},null,{"m":[1,0,0,1,0,5.75],"c":[],"t":2},{"m":[1.0000152587890625,0,0,1,0,-34.9],"c":[],"t":2},{"m":[1.0009613037109375,0,0,1,-13.9,-72.15],"c":[{"m":[1,0,0,1,0,0],"c":[{"id":13,"m":[1,0,0,1,-22.9,-23.4],"t":1}],"t":2},null,null],"f":[[{"i":0,"mi":0}]],"t":3},{"m":[1.0009613037109375,0,0,1,-1.7,-63.4],"c":[],"t":2},null,{"m":[1,0,0,1,0,3.95],"c":[],"t":2},{"m":[1.000030517578125,0,0,1,0,-39.45],"c":[],"t":2},{"m":[1.0009613037109375,0,0,1,-15.6,-73.85],"c":[],"t":2},{"m":[1.0009613037109375,0,0,1,-3.05,-65.55],"c":[],"t":2},null,{"m":[1,0,0,1,0,0],"c":[],"t":2},{"m":[1.0000457763671875,0,0,1,-0.05,-44],"c":[],"t":2},{"m":[1.0009613037109375,0,0,1,-17.25,-75.5],"c":[],"t":2},{"m":[1.0009613037109375,0,0,1,-4.35,-67.7],"c":[],"t":2},{"m":[1.0009613037109375,0,0,1,-3.35,-66.3],"c":[{"m":[1,0,0,1,0,0],"c":[{"id":13,"m":[1,0,0,1,-22.9,-23.4],"t":1}],"t":2},null,null],"f":[[{"i":0,"mi":0}]],"t":3},null,{"m":[1.0000457763671875,0,0,1,-0.05,-44.45],"c":[],"t":2},{"m":[1.0009613037109375,0,0,1,-18.95,-77.2],"c":[],"t":2},{"m":[1.0009613037109375,0,0,1,-5.7,-69.85],"c":[],"t":2},{"m":[1.0009613037109375,0,0,1,-4.15,-66.55],"c":[],"t":2},null,{"m":[1.000030517578125,0,0,1,-0.05,-44.95],"c":[],"t":2},{"m":[1.0009613037109375,0,0,1,-20.6,-78.9],"c":[],"t":2},{"m":[1.0009613037109375,0,0,1,-7,-72],"c":[],"t":2},{"m":[1.0009613037109375,0,0,1,-5,-66.85],"c":[],"t":2},null,{"m":[1,0,0,1,0,-46.15],"c":[],"t":2},{"m":[1.0009613037109375,0,0,1,-22.3,-80.55],"c":[],"t":2},{"m":[1.0009613037109375,0,0,1,-8.35,-74.15],"c":[],"t":2},{"m":[1.0009613037109375,0,0,1,-5.8,-67.1],"c":[],"t":2},null,{"m":[1.0009613037109375,0,0,1,-24,-82.25],"c":[],"t":2},{"m":[1.0009613037109375,0,0,1,-9.65,-76.3],"c":[],"t":2},{"m":[1.0009613037109375,0,0,1,-6.65,-67.35],"c":[],"t":2},null,{"m":[1.0009613037109375,0,0,1,-25.65,-83.95],"c":[],"t":2},{"m":[1.0009613037109375,0,0,1,-10.95,-78.5],"c":[],"t":2},{"m":[1.0009613037109375,0,0,1,-7.45,-67.65],"c":[],"t":2},null,{"m":[1.0009613037109375,0,0,1,-27.35,-85.65],"c":[],"t":2},{"m":[1.0009613037109375,0,0,1,-12.3,-80.65],"c":[],"t":2},{"m":[1.0009613037109375,0,0,1,-8.3,-67.9],"c":[],"t":2},null,{"m":[1.0009613037109375,0,0,1,-29,-87.3],"c":[],"t":2},{"m":[1.0009613037109375,0,0,1,-13.6,-82.8],"c":[],"t":2},{"m":[1.0009613037109375,0,0,1,-9.1,-68.15],"c":[],"t":2},null,{"m":[1.0009613037109375,0,0,1,-30.7,-89],"c":[],"t":2},{"m":[1.0009613037109375,0,0,1,-14.95,-84.95],"c":[],"t":2},{"m":[1.0009613037109375,0,0,1,-9.95,-68.45],"c":[],"t":2},null,{"m":[1.0009613037109375,0,0,1,-30.85,-88.1],"c":[],"t":2},{"m":[1.0009613037109375,0,0,1,-16.25,-87.1],"c":[],"t":2},{"m":[1.0009613037109375,0,0,1,-10.75,-68.7],"c":[],"t":2},null,{"m":[1.0009613037109375,0,0,1,-31,-87.2],"c":[],"t":2},{"m":[1.0009613037109375,0,0,1,-17.6,-89.25],"c":[],"t":2},{"m":[1.0009613037109375,0,0,1,-11.6,-68.95],"c":[],"t":2},null,{"m":[1.0009613037109375,0,0,1,-31.15,-86.25],"c":[],"t":2},{"m":[1.0009613037109375,0,0,1,-18.9,-91.4],"c":[],"t":2},{"m":[1.0009613037109375,0,0,1,-12.4,-69.25],"c":[],"t":2},null,{"m":[1.0009613037109375,0,0,1,-31.3,-85.35],"c":[],"t":2},{"m":[1.0009613037109375,0,0,1,-18.9,-90.25],"c":[],"t":2},{"m":[1.0009613037109375,0,0,1,-13.25,-69.5],"c":[],"t":2},null,{"m":[1.0009613037109375,0,0,1,-31.45,-84.45],"c":[],"t":2},{"m":[1.0009613037109375,0,0,1,-18.9,-89.1],"c":[],"t":2},{"m":[1.0009613037109375,0,0,1,-14.05,-69.75],"c":[],"t":2},null,{"m":[1.0009613037109375,0,0,1,-31.6,-83.55],"c":[],"t":2},{"m":[1.0009613037109375,0,0,1,-18.9,-87.95],"c":[],"t":2},{"m":[1.0009613037109375,0,0,1,-14.9,-70],"c":[],"t":2},null,{"m":[1.0009613037109375,0,0,1,-31.75,-82.6],"c":[],"t":2},{"m":[1.0009613037109375,0,0,1,-18.9,-86.85],"c":[],"t":2},{"m":[1.0009613037109375,0,0,1,-15.7,-70.3],"c":[],"t":2},null,{"m":[1.0009613037109375,0,0,1,-31.9,-81.7],"c":[],"t":2},{"m":[1.0009613037109375,0,0,1,-18.9,-85.7],"c":[],"t":2},{"m":[1.0009613037109375,0,0,1,-16.55,-70.55],"c":[],"t":2},null,{"m":[1.0009613037109375,0,0,1,-32,-80.8],"c":[],"t":2},{"m":[1.0009613037109375,0,0,1,-18.9,-84.55],"c":[],"t":2},{"m":[1.0009613037109375,0,0,1,-17.35,-70.8],"c":[],"t":2},null,{"m":[1.0009613037109375,0,0,1,-32.15,-79.9],"c":[],"t":2},{"m":[1.0009613037109375,0,0,1,-18.9,-83.4],"c":[],"t":2},{"m":[1.0009613037109375,0,0,1,-18.2,-71.1],"c":[],"t":2},null,{"m":[1.0009613037109375,0,0,1,-32.3,-78.95],"c":[],"t":2},{"m":[1.0009613037109375,0,0,1,-18.9,-82.25],"c":[],"t":2},{"m":[1.0009613037109375,0,0,1,-19,-71.35],"c":[],"t":2},null,{"m":[1.0009613037109375,0,0,1,-32.45,-78.05],"c":[],"t":2},{"m":[1.0009613037109375,0,0,1,-18.9,-81.1],"c":[],"t":2},{"m":[1.0009613037109375,0,0,1,-19.85,-71.6],"c":[],"t":2},null,{"m":[1.0009613037109375,0,0,1,-32.6,-77.15],"c":[],"t":2},{"m":[1.0009613037109375,0,0,1,-18.9,-79.95],"c":[],"t":2},{"m":[1.0009613037109375,0,0,1,-20.65,-71.9],"c":[],"t":2},null,{"m":[1.0009613037109375,0,0,1,-32.75,-76.25],"c":[],"t":2},{"m":[1.0009613037109375,0,0,1,-18.9,-78.85],"c":[],"t":2},{"m":[1.0009613037109375,0,0,1,-21.5,-72.15],"c":[],"t":2},null,{"m":[1.0009613037109375,0,0,1,-32.9,-75.3],"c":[],"t":2},{"m":[1.0009613037109375,0,0,1,-18.9,-77.7],"c":[],"t":2},{"m":[1.0009613037109375,0,0,1,-22.3,-72.4],"c":[],"t":2},null,{"m":[1.0009613037109375,0,0,1,-33.05,-74.4],"c":[],"t":2},{"m":[1.0009613037109375,0,0,1,-18.9,-76.55],"c":[],"t":2},{"m":[1.0009613037109375,0,0,1,-23.15,-72.7],"c":[],"t":2},null,{"m":[1.0009613037109375,0,0,1,-33.2,-73.5],"c":[],"t":2},{"m":[1.0009613037109375,0,0,1,-18.9,-75.4],"c":[],"t":2},{"m":[1.0009613037109375,0,0,1,-23.95,-72.95],"c":[],"t":2},null,null,null,null,null,null,null,null,null,null,null,null,null,null,null,null,null,null,null,null,null,null],"f":[[{"i":2,"mi":0},{"i":0,"mi":0},{"i":1,"mi":0},{"i":3,"mi":0}],[{"i":2,"mi":0},{"i":0,"mi":6},{"i":1,"mi":7},{"i":3,"mi":0},{"i":8,"mi":0}],[{"i":2,"mi":0},{"i":0,"mi":10},{"i":1,"mi":11},{"i":3,"mi":0},{"i":8,"mi":0}],[{"i":2,"mi":0},{"i":0,"mi":14},{"i":1,"mi":15},{"i":3,"mi":0}],[{"i":2,"mi":0},{"i":0,"mi":17},{"i":1,"mi":18},{"i":3,"mi":0},{"i":19,"mi":0}],[{"i":0,"mi":21},{"i":1,"mi":22},{"i":23,"mi":0},{"i":19,"mi":24},{"i":2,"mi":0},{"i":3,"mi":0}],[{"i":0,"mi":26},{"i":1,"mi":27},{"i":23,"mi":28},{"i":19,"mi":29},{"i":2,"mi":0},{"i":3,"mi":0}],[{"i":0,"mi":31},{"i":1,"mi":32},{"i":23,"mi":33},{"i":19,"mi":34},{"i":35,"mi":0},{"i":2,"mi":0},{"i":3,"mi":0}],[{"i":0,"mi":31},{"i":1,"mi":37},{"i":23,"mi":38},{"i":19,"mi":39},{"i":35,"mi":40},{"i":2,"mi":0},{"i":3,"mi":0}],[{"i":0,"mi":31},{"i":1,"mi":42},{"i":23,"mi":43},{"i":19,"mi":44},{"i":35,"mi":45},{"i":2,"mi":0},{"i":3,"mi":0}],[{"i":0,"mi":31},{"i":1,"mi":47},{"i":23,"mi":48},{"i":19,"mi":49},{"i":35,"mi":50},{"i":2,"mi":0},{"i":3,"mi":0}],[{"i":0,"mi":31},{"i":1,"mi":47},{"i":23,"mi":52},{"i":19,"mi":53},{"i":35,"mi":54},{"i":2,"mi":0},{"i":3,"mi":0}],[{"i":0,"mi":31},{"i":1,"mi":47},{"i":23,"mi":56},{"i":19,"mi":57},{"i":35,"mi":58},{"i":2,"mi":0},{"i":3,"mi":0}],[{"i":0,"mi":31},{"i":1,"mi":47},{"i":23,"mi":60},{"i":19,"mi":61},{"i":35,"mi":62},{"i":2,"mi":0},{"i":3,"mi":0}],[{"i":0,"mi":31},{"i":1,"mi":47},{"i":23,"mi":64},{"i":19,"mi":65},{"i":35,"mi":66},{"i":2,"mi":0},{"i":3,"mi":0}],[{"i":0,"mi":31},{"i":1,"mi":47},{"i":23,"mi":68},{"i":19,"mi":69},{"i":35,"mi":70},{"i":2,"mi":0},{"i":3,"mi":0}],[{"i":0,"mi":31},{"i":1,"mi":47},{"i":23,"mi":72},{"i":19,"mi":73},{"i":35,"mi":74},{"i":2,"mi":0},{"i":3,"mi":0}],[{"i":0,"mi":31},{"i":1,"mi":47},{"i":23,"mi":76},{"i":19,"mi":77},{"i":35,"mi":78},{"i":2,"mi":0},{"i":3,"mi":0}],[{"i":0,"mi":31},{"i":1,"mi":47},{"i":23,"mi":80},{"i":19,"mi":81},{"i":35,"mi":82},{"i":2,"mi":0},{"i":3,"mi":0}],[{"i":0,"mi":31},{"i":1,"mi":47},{"i":23,"mi":84},{"i":19,"mi":85},{"i":35,"mi":86},{"i":2,"mi":0},{"i":3,"mi":0}],[{"i":0,"mi":31},{"i":1,"mi":47},{"i":23,"mi":88},{"i":19,"mi":89},{"i":35,"mi":90},{"i":2,"mi":0},{"i":3,"mi":0}],[{"i":0,"mi":31},{"i":1,"mi":47},{"i":23,"mi":92},{"i":19,"mi":93},{"i":35,"mi":94},{"i":2,"mi":0},{"i":3,"mi":0}],[{"i":0,"mi":31},{"i":1,"mi":47},{"i":23,"mi":96},{"i":19,"mi":97},{"i":35,"mi":98},{"i":2,"mi":0},{"i":3,"mi":0}],[{"i":0,"mi":31},{"i":1,"mi":47},{"i":23,"mi":100},{"i":19,"mi":101},{"i":35,"mi":102},{"i":2,"mi":0},{"i":3,"mi":0}],[{"i":0,"mi":31},{"i":1,"mi":47},{"i":23,"mi":104},{"i":19,"mi":105},{"i":35,"mi":106},{"i":2,"mi":0},{"i":3,"mi":0}],[{"i":0,"mi":31},{"i":1,"mi":47},{"i":23,"mi":108},{"i":19,"mi":109},{"i":35,"mi":110},{"i":2,"mi":0},{"i":3,"mi":0}],[{"i":0,"mi":31},{"i":1,"mi":47},{"i":23,"mi":112},{"i":19,"mi":113},{"i":35,"mi":114},{"i":2,"mi":0},{"i":3,"mi":0}],[{"i":0,"mi":31},{"i":1,"mi":47},{"i":23,"mi":116},{"i":19,"mi":117},{"i":35,"mi":118},{"i":2,"mi":0},{"i":3,"mi":0}],[{"i":0,"mi":31},{"i":1,"mi":47},{"i":23,"mi":120},{"i":19,"mi":121},{"i":35,"mi":122},{"i":2,"mi":0},{"i":3,"mi":0}],[{"i":0,"mi":31},{"i":1,"mi":47},{"i":23,"mi":124},{"i":19,"mi":125},{"i":35,"mi":126},{"i":2,"mi":0},{"i":3,"mi":0}],[{"i":0,"mi":31},{"i":1,"mi":47},{"i":23,"mi":128},{"i":19,"mi":129},{"i":35,"mi":130},{"i":2,"mi":0},{"i":3,"mi":0}],[{"i":0,"mi":31},{"i":1,"mi":47},{"i":23,"mi":132},{"i":19,"mi":133},{"i":35,"mi":134},{"i":2,"mi":0},{"i":3,"mi":0}],[{"i":0,"mi":31},{"i":1,"mi":47},{"i":23,"mi":136},{"i":19,"mi":137},{"i":35,"mi":138},{"i":2,"mi":0},{"i":3,"mi":0}],[{"i":0,"mi":31},{"i":1,"mi":47},{"i":2,"mi":0},{"i":3,"mi":0}],[{"i":2,"mi":0},{"i":0,"mi":31},{"i":1,"mi":47},{"i":3,"mi":0}],[{"i":2,"mi":0},{"i":0,"mi":31},{"i":1,"mi":47},{"i":3,"mi":0}],[{"i":2,"mi":0},{"i":0,"mi":31},{"i":1,"mi":47},{"i":3,"mi":0}],[{"i":2,"mi":0},{"i":0,"mi":31},{"i":1,"mi":47},{"i":3,"mi":0}],[{"i":2,"mi":0},{"i":0,"mi":31},{"i":1,"mi":47},{"i":3,"mi":0}],[{"i":2,"mi":0},{"i":0,"mi":31},{"i":1,"mi":47},{"i":3,"mi":0}],[{"i":2,"mi":0},{"i":0,"mi":31},{"i":1,"mi":47},{"i":3,"mi":0}],[{"i":2,"mi":0},{"i":0,"mi":31},{"i":1,"mi":47},{"i":3,"mi":0}],[{"i":2,"mi":0},{"i":0,"mi":31},{"i":1,"mi":47},{"i":3,"mi":0}],[{"i":2,"mi":0},{"i":0,"mi":31},{"i":1,"mi":47},{"i":3,"mi":0}],[{"i":2,"mi":0},{"i":0,"mi":31},{"i":1,"mi":47},{"i":3,"mi":0}],[{"i":2,"mi":0},{"i":0,"mi":31},{"i":1,"mi":47},{"i":3,"mi":0}],[{"i":2,"mi":0},{"i":0,"mi":31},{"i":1,"mi":47},{"i":3,"mi":0}],[{"i":2,"mi":0},{"i":0,"mi":31},{"i":1,"mi":47},{"i":3,"mi":0}],[{"i":2,"mi":0},{"i":0,"mi":31},{"i":1,"mi":47},{"i":3,"mi":0}],[{"i":2,"mi":0},{"i":0,"mi":31},{"i":1,"mi":47},{"i":3,"mi":0}]],"t":3}],"t":2}}